[{"has_media": false, "hashtags": [], "img_urls": [], "is_replied": true, "is_reply_to": true, "likes": 13, "links": [], "parent_tweet_id": "900077127411920896", "replies": 2, "reply_to_users": [{"screen_name": "KittyLenoir", "user_id": "841895293314572288"}, {"screen_name": "webdotcom", "user_id": "17230678"}], "retweets": 1, "screen_name": "LuvMultimedia", "text": "Funny how you fight for Stormfront and not lets say Colin Kaepernick of Black Lives Matter, ppl fighting for thier lives", "text_html": "<p class=\"TweetTextSize js-tweet-text tweet-text\" data-aria-label-part=\"0\" lang=\"en\">Funny how you fight for Stormfront <strong>and</strong> not lets say <strong>Colin Kaepernick</strong> of <strong>Black Lives Matter</strong>, ppl fighting for thier lives</p>", "timestamp": "2017-08-27T00:39:57", "timestamp_epochs": 1503794397, "tweet_id": "901605167338057728", "tweet_url": "/LuvMultimedia/status/901605167338057728", "user_id": "799795169377787905", "username": "Alicia Norman", "video_url": ""}, {"has_media": false, "hashtags": [], "img_urls": [], "is_replied": false, "is_reply_to": false, "likes": 0, "links": ["http://ift.tt/2wIk8zy"], "parent_tweet_id": "", "replies": 0, "reply_to_users": [], "retweets": 0, "screen_name": "SavetheUSNation", "text": "http://ift.tt/2wIk8zy\u00a0 \"BREAKING: After caving under NAACP pressure and Black Lives Matter, Colin Kaepernick is signed...\"", "text_html": "<p class=\"TweetTextSize js-tweet-text tweet-text\" data-aria-label-part=\"0\" lang=\"en\"><a class=\"twitter-timeline-link\" data-expanded-url=\"http://ift.tt/2wIk8zy\" dir=\"ltr\" href=\"https://t.co/CLHQq5YyiF\" rel=\"nofollow noopener\" target=\"_blank\" title=\"http://ift.tt/2wIk8zy\"><span class=\"tco-ellipsis\"></span><span class=\"invisible\">http://</span><span class=\"js-display-url\">ift.tt/2wIk8zy</span><span class=\"invisible\"></span><span class=\"tco-ellipsis\"><span class=\"invisible\">\u00a0</span></span></a> \"BREAKING: After caving under NAACP pressure <strong>and</strong> <strong>Black Lives Matter</strong>, <strong>Colin Kaepernick</strong> is signed...\"</p>", "timestamp": "2017-08-27T00:36:37", "timestamp_epochs": 1503794197, "tweet_id": "901604329496477696", "tweet_url": "/SavetheUSNation/status/901604329496477696", "user_id": "3068746850", "username": "\ud83c\uddfa\ud83c\uddf8ChristianPatriot", "video_url": ""}, {"has_media": false, "hashtags": [], "img_urls": [], "is_replied": true, "is_reply_to": true, "likes": 13, "links": [], "parent_tweet_id": "900077127411920896", "replies": 2, "reply_to_users": [{"screen_name": "KittyLenoir", "user_id": "841895293314572288"}, {"screen_name": "webdotcom", "user_id": "17230678"}], "retweets": 1, "screen_name": "LuvMultimedia", "text": "Funny how you fight for Stormfront and not lets say Colin Kaepernick of Black Lives Matter, ppl fighting for thier lives", "text_html": "<p class=\"TweetTextSize js-tweet-text tweet-text\" data-aria-label-part=\"0\" lang=\"en\">Funny how you fight for Stormfront <strong>and</strong> not lets say <strong>Colin Kaepernick</strong> of <strong>Black Lives Matter</strong>, ppl fighting for thier lives</p>", "timestamp": "2017-08-27T00:39:57", "timestamp_epochs": 1503794397, "tweet_id": "901605167338057728", "tweet_url": "/LuvMultimedia/status/901605167338057728", "user_id": "799795169377787905", "username": "Alicia Norman", "video_url": ""}, {"has_media": false, "hashtags": [], "img_urls": [], "is_replied": false, "is_reply_to": false, "likes": 0, "links": ["http://ift.tt/2wIk8zy"], "parent_tweet_id": "", "replies": 0, "reply_to_users": [], "retweets": 0, "screen_name": "SavetheUSNation", "text": "http://ift.tt/2wIk8zy\u00a0 \"BREAKING: After caving under NAACP pressure and Black Lives Matter, Colin Kaepernick is signed...\"", "text_html": "<p class=\"TweetTextSize js-tweet-text tweet-text\" data-aria-label-part=\"0\" lang=\"en\"><a class=\"twitter-timeline-link\" data-expanded-url=\"http://ift.tt/2wIk8zy\" dir=\"ltr\" href=\"https://t.co/CLHQq5YyiF\" rel=\"nofollow noopener\" target=\"_blank\" title=\"http://ift.tt/2wIk8zy\"><span class=\"tco-ellipsis\"></span><span class=\"invisible\">http://</span><span class=\"js-display-url\">ift.tt/2wIk8zy</span><span class=\"invisible\"></span><span class=\"tco-ellipsis\"><span class=\"invisible\">\u00a0</span></span></a> \"BREAKING: After caving under NAACP pressure <strong>and</strong> <strong>Black Lives Matter</strong>, <strong>Colin Kaepernick</strong> is signed...\"</p>", "timestamp": "2017-08-27T00:36:37", "timestamp_epochs": 1503794197, "tweet_id": "901604329496477696", "tweet_url": "/SavetheUSNation/status/901604329496477696", "user_id": "3068746850", "username": "\ud83c\uddfa\ud83c\uddf8ChristianPatriot", "video_url": ""}, {"has_media": false, "hashtags": ["BlackLivesMatter", "stopgangviolance"], "img_urls": [], "is_replied": false, "is_reply_to": true, "likes": 0, "links": [], "parent_tweet_id": "902067913435250688", "replies": 0, "reply_to_users": [{"screen_name": "17LadyLiberty76", "user_id": "2613106675"}], "retweets": 0, "screen_name": "CEOEnterpriseNX", "text": "Everyone one on the right has argued about @Kaepernick7 and black lives matter although #BlackLivesMatter should delegate #stopgangviolance", "text_html": "<p class=\"TweetTextSize js-tweet-text tweet-text\" data-aria-label-part=\"0\" lang=\"en\">Everyone one on the right has argued about <a class=\"twitter-atreply pretty-link js-nav\" data-mentioned-user-id=\"45055696\" dir=\"ltr\" href=\"/Kaepernick7\"><s>@</s><b><strong>Kaepernick7</strong></b></a> <strong>and</strong> <strong>black lives matter</strong> although <span class=\"twitter-hashflag-container\"><a class=\"twitter-hashtag pretty-link js-nav\" data-query-source=\"hashtag_click\" dir=\"ltr\" href=\"/hashtag/BlackLivesMatter?src=hash\"><s>#</s><b>BlackLivesMatter</b></a><a dir=\"ltr\" href=\"/hashtag/BlackLivesMatter?src=hash\"><img alt=\"\" class=\"twitter-hashflag\" draggable=\"false\" src=\"https://abs.twimg.com/hashflags/BlackHistoryMonth/BlackHistoryMonth.png\"/></a></span> should delegate <a class=\"twitter-hashtag pretty-link js-nav\" data-query-source=\"hashtag_click\" dir=\"ltr\" href=\"/hashtag/stopgangviolance?src=hash\"><s>#</s><b>stopgangviolance</b></a></p>", "timestamp": "2017-08-28T09:25:19", "timestamp_epochs": 1503912319, "tweet_id": "902099768612151296", "tweet_url": "/CEOEnterpriseNX/status/902099768612151296", "user_id": "2917740388", "username": "Emilio Perez", "video_url": ""}, {"has_media": false, "hashtags": [], "img_urls": [], "is_replied": false, "is_reply_to": true, "likes": 0, "links": [], "parent_tweet_id": "902067913435250688", "replies": 0, "reply_to_users": [{"screen_name": "17LadyLiberty76", "user_id": "2613106675"}], "retweets": 0, "screen_name": "CEOEnterpriseNX", "text": "Colin Kaepernick, black lives matter, boycotts of businesses, movies and shows,", "text_html": "<p class=\"TweetTextSize js-tweet-text tweet-text\" data-aria-label-part=\"0\" lang=\"en\"><strong>Colin Kaepernick</strong>, <strong>black lives matter</strong>, boycotts of businesses, movies <strong>and</strong> shows,</p>", "timestamp": "2017-08-28T09:21:26", "timestamp_epochs": 1503912086, "tweet_id": "902098791360323584", "tweet_url": "/CEOEnterpriseNX/status/902098791360323584", "user_id": "2917740388", "username": "Emilio Perez", "video_url": ""}, {"has_media": false, "hashtags": ["BlackLivesMatter", "stopgangviolance"], "img_urls": [], "is_replied": false, "is_reply_to": true, "likes": 0, "links": [], "parent_tweet_id": "902067913435250688", "replies": 0, "reply_to_users": [{"screen_name": "17LadyLiberty76", "user_id": "2613106675"}], "retweets": 0, "screen_name": "CEOEnterpriseNX", "text": "Everyone one on the right has argued about @Kaepernick7 and black lives matter although #BlackLivesMatter should delegate #stopgangviolance", "text_html": "<p class=\"TweetTextSize js-tweet-text tweet-text\" data-aria-label-part=\"0\" lang=\"en\">Everyone one on the right has argued about <a class=\"twitter-atreply pretty-link js-nav\" data-mentioned-user-id=\"45055696\" dir=\"ltr\" href=\"/Kaepernick7\"><s>@</s><b><strong>Kaepernick7</strong></b></a> <strong>and</strong> <strong>black lives matter</strong> although <span class=\"twitter-hashflag-container\"><a class=\"twitter-hashtag pretty-link js-nav\" data-query-source=\"hashtag_click\" dir=\"ltr\" href=\"/hashtag/BlackLivesMatter?src=hash\"><s>#</s><b>BlackLivesMatter</b></a><a dir=\"ltr\" href=\"/hashtag/BlackLivesMatter?src=hash\"><img alt=\"\" class=\"twitter-hashflag\" draggable=\"false\" src=\"https://abs.twimg.com/hashflags/BlackHistoryMonth/BlackHistoryMonth.png\"/></a></span> should delegate <a class=\"twitter-hashtag pretty-link js-nav\" data-query-source=\"hashtag_click\" dir=\"ltr\" href=\"/hashtag/stopgangviolance?src=hash\"><s>#</s><b>stopgangviolance</b></a></p>", "timestamp": "2017-08-28T09:25:19", "timestamp_epochs": 1503912319, "tweet_id": "902099768612151296", "tweet_url": "/CEOEnterpriseNX/status/902099768612151296", "user_id": "2917740388", "username": "Emilio Perez", "video_url": ""}, {"has_media": false, "hashtags": [], "img_urls": [], "is_replied": false, "is_reply_to": true, "likes": 0, "links": [], "parent_tweet_id": "902067913435250688", "replies": 0, "reply_to_users": [{"screen_name": "17LadyLiberty76", "user_id": "2613106675"}], "retweets": 0, "screen_name": "CEOEnterpriseNX", "text": "Colin Kaepernick, black lives matter, boycotts of businesses, movies and shows,", "text_html": "<p class=\"TweetTextSize js-tweet-text tweet-text\" data-aria-label-part=\"0\" lang=\"en\"><strong>Colin Kaepernick</strong>, <strong>black lives matter</strong>, boycotts of businesses, movies <strong>and</strong> shows,</p>", "timestamp": "2017-08-28T09:21:26", "timestamp_epochs": 1503912086, "tweet_id": "902098791360323584", "tweet_url": "/CEOEnterpriseNX/status/902098791360323584", "user_id": "2917740388", "username": "Emilio Perez", "video_url": ""}, {"has_media": false, "hashtags": [], "img_urls": [], "is_replied": true, "is_reply_to": true, "likes": 4, "links": [], "parent_tweet_id": "905472407128875010", "replies": 3, "reply_to_users": [{"screen_name": "yourrightscamp", "user_id": "772618740638765056"}, {"screen_name": "Kaepernick7", "user_id": "45055696"}, {"screen_name": "mosesbread72", "user_id": "1613440802"}], "retweets": 1, "screen_name": "SoCaliSteph", "text": "Disgusting. This is demonstrative evidence all lives don't matter. And, why we say black lives matter.", "text_html": "<p class=\"TweetTextSize js-tweet-text tweet-text\" data-aria-label-part=\"0\" lang=\"en\">Disgusting. This is demonstrative evidence all lives don't matter. <strong>And</strong>, why we say <strong>black lives matter</strong>.</p>", "timestamp": "2017-09-06T18:31:06", "timestamp_epochs": 1504722666, "tweet_id": "905498609721892864", "tweet_url": "/SoCaliSteph/status/905498609721892864", "user_id": "247908977", "username": "Stephanie McCarroll", "video_url": ""}, {"has_media": false, "hashtags": [], "img_urls": [], "is_replied": false, "is_reply_to": true, "likes": 0, "links": [], "parent_tweet_id": "905443109311524864", "replies": 0, "reply_to_users": [{"screen_name": "Kaepernick7", "user_id": "45055696"}, {"screen_name": "johnlegend", "user_id": "18228898"}], "retweets": 0, "screen_name": "RubenGerena1", "text": "I stand with the both of you! And yes, \"All Black Lives Matter\"!", "text_html": "<p class=\"TweetTextSize js-tweet-text tweet-text\" data-aria-label-part=\"0\" lang=\"en\">I stand with the both of you! <strong>And</strong> yes, \"All <strong>Black Lives Matter</strong>\"!</p>", "timestamp": "2017-09-06T17:20:29", "timestamp_epochs": 1504718429, "tweet_id": "905480839051575301", "tweet_url": "/RubenGerena1/status/905480839051575301", "user_id": "848741707692859397", "username": "Ruben Gerena", "video_url": ""}, {"has_media": false, "hashtags": [], "img_urls": [], "is_replied": false, "is_reply_to": true, "likes": 0, "links": [], "parent_tweet_id": "905443109311524864", "replies": 0, "reply_to_users": [{"screen_name": "Kaepernick7", "user_id": "45055696"}, {"screen_name": "johnlegend", "user_id": "18228898"}], "retweets": 0, "screen_name": "mhruza1975", "text": "This is one of the reasons \"Black Lives Matter\" exists. They are not a hate group. They want justice and equality.", "text_html": "<p class=\"TweetTextSize js-tweet-text tweet-text\" data-aria-label-part=\"0\" lang=\"en\">This is one of the reasons \"<strong>Black Lives Matter</strong>\" exists. They are not a hate group. They want justice <strong>and</strong> equality.</p>", "timestamp": "2017-09-06T15:45:33", "timestamp_epochs": 1504712733, "tweet_id": "905456946689564672", "tweet_url": "/mhruza1975/status/905456946689564672", "user_id": "2783803109", "username": "Mhruza", "video_url": ""}, {"has_media": false, "hashtags": [], "img_urls": [], "is_replied": false, "is_reply_to": true, "likes": 0, "links": [], "parent_tweet_id": "905443109311524864", "replies": 0, "reply_to_users": [{"screen_name": "Kaepernick7", "user_id": "45055696"}], "retweets": 0, "screen_name": "Craigb_R", "text": "Coming from someone that supports Disgusting Fidel Castro and Black lives matter? Sorry you have no Credibility", "text_html": "<p class=\"TweetTextSize js-tweet-text tweet-text\" data-aria-label-part=\"0\" lang=\"en\">Coming from someone that supports Disgusting Fidel Castro <strong>and</strong> <strong>Black lives matter</strong>? Sorry you have no Credibility</p>", "timestamp": "2017-09-06T15:24:39", "timestamp_epochs": 1504711479, "tweet_id": "905451689779625984", "tweet_url": "/Craigb_R/status/905451689779625984", "user_id": "816163470500622336", "username": "Raider lifer", "video_url": ""}, {"has_media": false, "hashtags": [], "img_urls": [], "is_replied": true, "is_reply_to": true, "likes": 4, "links": [], "parent_tweet_id": "905472407128875010", "replies": 3, "reply_to_users": [{"screen_name": "yourrightscamp", "user_id": "772618740638765056"}, {"screen_name": "Kaepernick7", "user_id": "45055696"}, {"screen_name": "mosesbread72", "user_id": "1613440802"}], "retweets": 1, "screen_name": "SoCaliSteph", "text": "Disgusting. This is demonstrative evidence all lives don't matter. And, why we say black lives matter.", "text_html": "<p class=\"TweetTextSize js-tweet-text tweet-text\" data-aria-label-part=\"0\" lang=\"en\">Disgusting. This is demonstrative evidence all lives don't matter. <strong>And</strong>, why we say <strong>black lives matter</strong>.</p>", "timestamp": "2017-09-06T18:31:06", "timestamp_epochs": 1504722666, "tweet_id": "905498609721892864", "tweet_url": "/SoCaliSteph/status/905498609721892864", "user_id": "247908977", "username": "Stephanie McCarroll", "video_url": ""}, {"has_media": false, "hashtags": [], "img_urls": [], "is_replied": false, "is_reply_to": true, "likes": 0, "links": [], "parent_tweet_id": "905443109311524864", "replies": 0, "reply_to_users": [{"screen_name": "Kaepernick7", "user_id": "45055696"}, {"screen_name": "johnlegend", "user_id": "18228898"}], "retweets": 0, "screen_name": "RubenGerena1", "text": "I stand with the both of you! And yes, \"All Black Lives Matter\"!", "text_html": "<p class=\"TweetTextSize js-tweet-text tweet-text\" data-aria-label-part=\"0\" lang=\"en\">I stand with the both of you! <strong>And</strong> yes, \"All <strong>Black Lives Matter</strong>\"!</p>", "timestamp": "2017-09-06T17:20:29", "timestamp_epochs": 1504718429, "tweet_id": "905480839051575301", "tweet_url": "/RubenGerena1/status/905480839051575301", "user_id": "848741707692859397", "username": "Ruben Gerena", "video_url": ""}, {"has_media": false, "hashtags": [], "img_urls": [], "is_replied": false, "is_reply_to": true, "likes": 0, "links": [], "parent_tweet_id": "905443109311524864", "replies": 0, "reply_to_users": [{"screen_name": "Kaepernick7", "user_id": "45055696"}, {"screen_name": "johnlegend", "user_id": "18228898"}], "retweets": 0, "screen_name": "mhruza1975", "text": "This is one of the reasons \"Black Lives Matter\" exists. They are not a hate group. They want justice and equality.", "text_html": "<p class=\"TweetTextSize js-tweet-text tweet-text\" data-aria-label-part=\"0\" lang=\"en\">This is one of the reasons \"<strong>Black Lives Matter</strong>\" exists. They are not a hate group. They want justice <strong>and</strong> equality.</p>", "timestamp": "2017-09-06T15:45:33", "timestamp_epochs": 1504712733, "tweet_id": "905456946689564672", "tweet_url": "/mhruza1975/status/905456946689564672", "user_id": "2783803109", "username": "Mhruza", "video_url": ""}, {"has_media": false, "hashtags": [], "img_urls": [], "is_replied": false, "is_reply_to": true, "likes": 0, "links": [], "parent_tweet_id": "905443109311524864", "replies": 0, "reply_to_users": [{"screen_name": "Kaepernick7", "user_id": "45055696"}], "retweets": 0, "screen_name": "Craigb_R", "text": "Coming from someone that supports Disgusting Fidel Castro and Black lives matter? Sorry you have no Credibility", "text_html": "<p class=\"TweetTextSize js-tweet-text tweet-text\" data-aria-label-part=\"0\" lang=\"en\">Coming from someone that supports Disgusting Fidel Castro <strong>and</strong> <strong>Black lives matter</strong>? Sorry you have no Credibility</p>", "timestamp": "2017-09-06T15:24:39", "timestamp_epochs": 1504711479, "tweet_id": "905451689779625984", "tweet_url": "/Craigb_R/status/905451689779625984", "user_id": "816163470500622336", "username": "Raider lifer", "video_url": ""}, {"has_media": false, "hashtags": [], "img_urls": [], "is_replied": true, "is_reply_to": false, "likes": 17, "links": ["https://twitter.com/punjabhotsauce/status/906293557446811648"], "parent_tweet_id": "", "replies": 4, "reply_to_users": [], "retweets": 1, "screen_name": "MCmuckraker", "text": "Did they also criticize Black Lives Matter, Colin Kaepernick and Clinton supporters? Did they call Democratic states \"Dumbfuckistan?\" https://twitter.com/punjabhotsauce/status/906293557446811648\u00a0\u2026", "text_html": "<p class=\"TweetTextSize js-tweet-text tweet-text\" data-aria-label-part=\"4\" lang=\"en\">Did they also criticize <strong>Black Lives Matter</strong>, <strong>Colin Kaepernick</strong> <strong>and</strong> Clinton supporters? Did they call Democratic states \"Dumbfuckistan?\" <a class=\"twitter-timeline-link u-hidden\" data-expanded-url=\"https://twitter.com/punjabhotsauce/status/906293557446811648\" dir=\"ltr\" href=\"https://t.co/72RMZvSpFZ\" rel=\"nofollow noopener\" target=\"_blank\" title=\"https://twitter.com/punjabhotsauce/status/906293557446811648\"><span class=\"tco-ellipsis\"></span><span class=\"invisible\">https://</span><span class=\"js-display-url\">twitter.com/punjabhotsauce</span><span class=\"invisible\">/status/906293557446811648</span><span class=\"tco-ellipsis\"><span class=\"invisible\">\u00a0</span>\u2026</span></a></p>", "timestamp": "2017-09-08T23:12:53", "timestamp_epochs": 1504912373, "tweet_id": "906294296315387904", "tweet_url": "/MCmuckraker/status/906294296315387904", "user_id": "587676806", "username": "Motor City Muckraker", "video_url": ""}, {"has_media": false, "hashtags": [], "img_urls": [], "is_replied": false, "is_reply_to": false, "likes": 0, "links": ["https://roninok.com/politics/kid-rock-rants-about-nazis-kkk-black-lives-matter-and-colin-kaepernick-at-a-concert.html"], "parent_tweet_id": "", "replies": 0, "reply_to_users": [], "retweets": 0, "screen_name": "RoninOKcom", "text": "Kid Rock rants about Nazis, KKK, Black Lives Matter and Colin Kaepernick at a concert \nhttps://roninok.com/politics/kid-rock-rants-about-nazis-kkk-black-lives-matter-and-colin-kaepernick-at-a-concert.html\u00a0\u2026", "text_html": "<p class=\"TweetTextSize js-tweet-text tweet-text\" data-aria-label-part=\"0\" lang=\"en\">Kid Rock rants about Nazis, KKK, <strong>Black Lives Matter</strong> <strong>and</strong> <strong>Colin Kaepernick</strong> at a concert \n<a class=\"twitter-timeline-link\" data-expanded-url=\"https://roninok.com/politics/kid-rock-rants-about-nazis-kkk-black-lives-matter-and-colin-kaepernick-at-a-concert.html\" dir=\"ltr\" href=\"https://t.co/JNr5DPYWwB\" rel=\"nofollow noopener\" target=\"_blank\" title=\"https://roninok.com/politics/kid-rock-rants-about-nazis-kkk-black-lives-matter-and-colin-kaepernick-at-a-concert.html\"><span class=\"tco-ellipsis\"></span><span class=\"invisible\">https://</span><span class=\"js-display-url\">roninok.com/politics/kid-r</span><span class=\"invisible\">ock-rants-about-nazis-kkk-black-lives-matter-and-colin-kaepernick-at-a-concert.html</span><span class=\"tco-ellipsis\"><span class=\"invisible\">\u00a0</span>\u2026</span></a></p>", "timestamp": "2017-09-08T19:00:26", "timestamp_epochs": 1504897226, "tweet_id": "906230767491174401", "tweet_url": "/RoninOKcom/status/906230767491174401", "user_id": "845963700934709249", "username": "RoninOK.com", "video_url": ""}, {"has_media": false, "hashtags": [], "img_urls": [], "is_replied": true, "is_reply_to": false, "likes": 3, "links": ["http://ow.ly/PAqw30f0Z2L"], "parent_tweet_id": "", "replies": 11, "reply_to_users": [], "retweets": 6, "screen_name": "Salon", "text": "Kid Rock rants about Nazis, KKK, Black Lives Matter and Colin Kaepernick at a concert http://ow.ly/PAqw30f0Z2L\u00a0", "text_html": "<p class=\"TweetTextSize js-tweet-text tweet-text\" data-aria-label-part=\"0\" lang=\"en\">Kid Rock rants about Nazis, KKK, <strong>Black Lives Matter</strong> <strong>and</strong> <strong>Colin Kaepernick</strong> at a concert <a class=\"twitter-timeline-link u-hidden\" data-expanded-url=\"http://ow.ly/PAqw30f0Z2L\" dir=\"ltr\" href=\"https://t.co/mg4ZhTzqHq\" rel=\"nofollow noopener\" target=\"_blank\" title=\"http://ow.ly/PAqw30f0Z2L\"><span class=\"tco-ellipsis\"></span><span class=\"invisible\">http://</span><span class=\"js-display-url\">ow.ly/PAqw30f0Z2L</span><span class=\"invisible\"></span><span class=\"tco-ellipsis\"><span class=\"invisible\">\u00a0</span></span></a></p>", "timestamp": "2017-09-08T17:15:26", "timestamp_epochs": 1504890926, "tweet_id": "906204341475966976", "tweet_url": "/Salon/status/906204341475966976", "user_id": "16955991", "username": "Salon", "video_url": ""}, {"has_media": false, "hashtags": [], "img_urls": [], "is_replied": false, "is_reply_to": false, "likes": 0, "links": ["http://www.salon.com/2017/09/07/see-kid-rock-rant-about-nazis-kkk-black-lives-matter-and-kaepernick-at-a-concert/?utm_source=twitter"], "parent_tweet_id": "", "replies": 0, "reply_to_users": [], "retweets": 0, "screen_name": "salon_superfan", "text": "See Kid Rock rant about Nazis, KKK, Black Lives Matter and Colin Kaepernick at a concert http://www.salon.com/2017/09/07/see-kid-rock-rant-about-nazis-kkk-black-lives-matter-and-kaepernick-at-a-concert/?utm_source=twitter\u00a0\u2026", "text_html": "<p class=\"TweetTextSize js-tweet-text tweet-text\" data-aria-label-part=\"0\" lang=\"en\">See Kid Rock rant about Nazis, KKK, <strong>Black Lives Matter</strong> <strong>and</strong> <strong>Colin Kaepernick</strong> at a concert <a class=\"twitter-timeline-link\" data-expanded-url=\"http://www.salon.com/2017/09/07/see-kid-rock-rant-about-nazis-kkk-black-lives-matter-and-kaepernick-at-a-concert/?utm_source=twitter\" dir=\"ltr\" href=\"https://t.co/BKNcLyWdup\" rel=\"nofollow noopener\" target=\"_blank\" title=\"http://www.salon.com/2017/09/07/see-kid-rock-rant-about-nazis-kkk-black-lives-matter-and-kaepernick-at-a-concert/?utm_source=twitter\"><span class=\"tco-ellipsis\"></span><span class=\"invisible\">http://www.</span><span class=\"js-display-url\">salon.com/2017/09/07/see</span><span class=\"invisible\">-kid-rock-rant-about-nazis-kkk-black-lives-matter-and-kaepernick-at-a-concert/?utm_source=twitter</span><span class=\"tco-ellipsis\"><span class=\"invisible\">\u00a0</span>\u2026</span></a></p>", "timestamp": "2017-09-08T10:27:31", "timestamp_epochs": 1504866451, "tweet_id": "906101685516464128", "tweet_url": "/salon_superfan/status/906101685516464128", "user_id": "900860386764701696", "username": "salon_superfan", "video_url": ""}, {"has_media": true, "hashtags": [], "img_urls": ["https://pbs.twimg.com/media/DJLHwiMW0AAHB9o.jpg"], "is_replied": false, "is_reply_to": false, "likes": 0, "links": ["http://www.salon.com/2017/09/07/see-kid-rock-rant-about-nazis-kkk-black-lives-matter-and-kaepernick-at-a-concert/"], "parent_tweet_id": "", "replies": 0, "reply_to_users": [], "retweets": 0, "screen_name": "zesty_liberal", "text": "Kid Rock rants about Nazis, KKK, Black Lives Matter and Colin Kaepernick at a concert http://www.salon.com/2017/09/07/see-kid-rock-rant-about-nazis-kkk-black-lives-matter-and-kaepernick-at-a-concert/\u00a0\u2026pic.twitter.com/xY0reoFNAT", "text_html": "<p class=\"TweetTextSize js-tweet-text tweet-text\" data-aria-label-part=\"0\" lang=\"en\">Kid Rock rants about Nazis, KKK, <strong>Black Lives Matter</strong> <strong>and</strong> <strong>Colin Kaepernick</strong> at a concert <a class=\"twitter-timeline-link\" data-expanded-url=\"http://www.salon.com/2017/09/07/see-kid-rock-rant-about-nazis-kkk-black-lives-matter-and-kaepernick-at-a-concert/\" dir=\"ltr\" href=\"https://t.co/CuoxztbWFd\" rel=\"nofollow noopener\" target=\"_blank\" title=\"http://www.salon.com/2017/09/07/see-kid-rock-rant-about-nazis-kkk-black-lives-matter-and-kaepernick-at-a-concert/\"><span class=\"tco-ellipsis\"></span><span class=\"invisible\">http://www.</span><span class=\"js-display-url\">salon.com/2017/09/07/see</span><span class=\"invisible\">-kid-rock-rant-about-nazis-kkk-black-lives-matter-and-kaepernick-at-a-concert/</span><span class=\"tco-ellipsis\"><span class=\"invisible\">\u00a0</span>\u2026</span></a><a class=\"twitter-timeline-link u-hidden\" data-pre-embedded=\"true\" dir=\"ltr\" href=\"https://t.co/xY0reoFNAT\">pic.twitter.com/xY0reoFNAT</a></p>", "timestamp": "2017-09-08T04:07:45", "timestamp_epochs": 1504843665, "tweet_id": "906006114369642498", "tweet_url": "/zesty_liberal/status/906006114369642498", "user_id": "711601518273818628", "username": "Zesty Liberal News", "video_url": ""}, {"has_media": false, "hashtags": [], "img_urls": [], "is_replied": true, "is_reply_to": true, "likes": 0, "links": [], "parent_tweet_id": "904423777072709632", "replies": 1, "reply_to_users": [{"screen_name": "jjpar711", "user_id": "62268569"}, {"screen_name": "DollErica1", "user_id": "891303921393836032"}], "retweets": 0, "screen_name": "DokieWilliams", "text": "Which doesn't address my question to you. Q: Do Black lives matter to you? And are you insinuating that Black lives don't matter to God?Wow", "text_html": "<p class=\"TweetTextSize js-tweet-text tweet-text\" data-aria-label-part=\"0\" lang=\"en\">Which doesn't address my question to you. Q: Do <strong>Black lives matter</strong> to you? <strong>And</strong> are you insinuating that Black lives don't matter to God?Wow</p>", "timestamp": "2017-09-08T02:45:06", "timestamp_epochs": 1504838706, "tweet_id": "905985314484715520", "tweet_url": "/DokieWilliams/status/905985314484715520", "user_id": "797206230750154752", "username": "Dokie Williams", "video_url": ""}, {"has_media": false, "hashtags": [], "img_urls": [], "is_replied": true, "is_reply_to": false, "likes": 17, "links": ["https://twitter.com/punjabhotsauce/status/906293557446811648"], "parent_tweet_id": "", "replies": 4, "reply_to_users": [], "retweets": 1, "screen_name": "MCmuckraker", "text": "Did they also criticize Black Lives Matter, Colin Kaepernick and Clinton supporters? Did they call Democratic states \"Dumbfuckistan?\" https://twitter.com/punjabhotsauce/status/906293557446811648\u00a0\u2026", "text_html": "<p class=\"TweetTextSize js-tweet-text tweet-text\" data-aria-label-part=\"4\" lang=\"en\">Did they also criticize <strong>Black Lives Matter</strong>, <strong>Colin Kaepernick</strong> <strong>and</strong> Clinton supporters? Did they call Democratic states \"Dumbfuckistan?\" <a class=\"twitter-timeline-link u-hidden\" data-expanded-url=\"https://twitter.com/punjabhotsauce/status/906293557446811648\" dir=\"ltr\" href=\"https://t.co/72RMZvSpFZ\" rel=\"nofollow noopener\" target=\"_blank\" title=\"https://twitter.com/punjabhotsauce/status/906293557446811648\"><span class=\"tco-ellipsis\"></span><span class=\"invisible\">https://</span><span class=\"js-display-url\">twitter.com/punjabhotsauce</span><span class=\"invisible\">/status/906293557446811648</span><span class=\"tco-ellipsis\"><span class=\"invisible\">\u00a0</span>\u2026</span></a></p>", "timestamp": "2017-09-08T23:12:53", "timestamp_epochs": 1504912373, "tweet_id": "906294296315387904", "tweet_url": "/MCmuckraker/status/906294296315387904", "user_id": "587676806", "username": "Motor City Muckraker", "video_url": ""}, {"has_media": false, "hashtags": [], "img_urls": [], "is_replied": false, "is_reply_to": false, "likes": 0, "links": ["https://roninok.com/politics/kid-rock-rants-about-nazis-kkk-black-lives-matter-and-colin-kaepernick-at-a-concert.html"], "parent_tweet_id": "", "replies": 0, "reply_to_users": [], "retweets": 0, "screen_name": "RoninOKcom", "text": "Kid Rock rants about Nazis, KKK, Black Lives Matter and Colin Kaepernick at a concert \nhttps://roninok.com/politics/kid-rock-rants-about-nazis-kkk-black-lives-matter-and-colin-kaepernick-at-a-concert.html\u00a0\u2026", "text_html": "<p class=\"TweetTextSize js-tweet-text tweet-text\" data-aria-label-part=\"0\" lang=\"en\">Kid Rock rants about Nazis, KKK, <strong>Black Lives Matter</strong> <strong>and</strong> <strong>Colin Kaepernick</strong> at a concert \n<a class=\"twitter-timeline-link\" data-expanded-url=\"https://roninok.com/politics/kid-rock-rants-about-nazis-kkk-black-lives-matter-and-colin-kaepernick-at-a-concert.html\" dir=\"ltr\" href=\"https://t.co/JNr5DPYWwB\" rel=\"nofollow noopener\" target=\"_blank\" title=\"https://roninok.com/politics/kid-rock-rants-about-nazis-kkk-black-lives-matter-and-colin-kaepernick-at-a-concert.html\"><span class=\"tco-ellipsis\"></span><span class=\"invisible\">https://</span><span class=\"js-display-url\">roninok.com/politics/kid-r</span><span class=\"invisible\">ock-rants-about-nazis-kkk-black-lives-matter-and-colin-kaepernick-at-a-concert.html</span><span class=\"tco-ellipsis\"><span class=\"invisible\">\u00a0</span>\u2026</span></a></p>", "timestamp": "2017-09-08T19:00:26", "timestamp_epochs": 1504897226, "tweet_id": "906230767491174401", "tweet_url": "/RoninOKcom/status/906230767491174401", "user_id": "845963700934709249", "username": "RoninOK.com", "video_url": ""}, {"has_media": false, "hashtags": [], "img_urls": [], "is_replied": true, "is_reply_to": false, "likes": 3, "links": ["http://ow.ly/PAqw30f0Z2L"], "parent_tweet_id": "", "replies": 11, "reply_to_users": [], "retweets": 6, "screen_name": "Salon", "text": "Kid Rock rants about Nazis, KKK, Black Lives Matter and Colin Kaepernick at a concert http://ow.ly/PAqw30f0Z2L\u00a0", "text_html": "<p class=\"TweetTextSize js-tweet-text tweet-text\" data-aria-label-part=\"0\" lang=\"en\">Kid Rock rants about Nazis, KKK, <strong>Black Lives Matter</strong> <strong>and</strong> <strong>Colin Kaepernick</strong> at a concert <a class=\"twitter-timeline-link u-hidden\" data-expanded-url=\"http://ow.ly/PAqw30f0Z2L\" dir=\"ltr\" href=\"https://t.co/mg4ZhTzqHq\" rel=\"nofollow noopener\" target=\"_blank\" title=\"http://ow.ly/PAqw30f0Z2L\"><span class=\"tco-ellipsis\"></span><span class=\"invisible\">http://</span><span class=\"js-display-url\">ow.ly/PAqw30f0Z2L</span><span class=\"invisible\"></span><span class=\"tco-ellipsis\"><span class=\"invisible\">\u00a0</span></span></a></p>", "timestamp": "2017-09-08T17:15:26", "timestamp_epochs": 1504890926, "tweet_id": "906204341475966976", "tweet_url": "/Salon/status/906204341475966976", "user_id": "16955991", "username": "Salon", "video_url": ""}, {"has_media": false, "hashtags": [], "img_urls": [], "is_replied": false, "is_reply_to": false, "likes": 0, "links": ["http://www.salon.com/2017/09/07/see-kid-rock-rant-about-nazis-kkk-black-lives-matter-and-kaepernick-at-a-concert/?utm_source=twitter"], "parent_tweet_id": "", "replies": 0, "reply_to_users": [], "retweets": 0, "screen_name": "salon_superfan", "text": "See Kid Rock rant about Nazis, KKK, Black Lives Matter and Colin Kaepernick at a concert http://www.salon.com/2017/09/07/see-kid-rock-rant-about-nazis-kkk-black-lives-matter-and-kaepernick-at-a-concert/?utm_source=twitter\u00a0\u2026", "text_html": "<p class=\"TweetTextSize js-tweet-text tweet-text\" data-aria-label-part=\"0\" lang=\"en\">See Kid Rock rant about Nazis, KKK, <strong>Black Lives Matter</strong> <strong>and</strong> <strong>Colin Kaepernick</strong> at a concert <a class=\"twitter-timeline-link\" data-expanded-url=\"http://www.salon.com/2017/09/07/see-kid-rock-rant-about-nazis-kkk-black-lives-matter-and-kaepernick-at-a-concert/?utm_source=twitter\" dir=\"ltr\" href=\"https://t.co/BKNcLyWdup\" rel=\"nofollow noopener\" target=\"_blank\" title=\"http://www.salon.com/2017/09/07/see-kid-rock-rant-about-nazis-kkk-black-lives-matter-and-kaepernick-at-a-concert/?utm_source=twitter\"><span class=\"tco-ellipsis\"></span><span class=\"invisible\">http://www.</span><span class=\"js-display-url\">salon.com/2017/09/07/see</span><span class=\"invisible\">-kid-rock-rant-about-nazis-kkk-black-lives-matter-and-kaepernick-at-a-concert/?utm_source=twitter</span><span class=\"tco-ellipsis\"><span class=\"invisible\">\u00a0</span>\u2026</span></a></p>", "timestamp": "2017-09-08T10:27:31", "timestamp_epochs": 1504866451, "tweet_id": "906101685516464128", "tweet_url": "/salon_superfan/status/906101685516464128", "user_id": "900860386764701696", "username": "salon_superfan", "video_url": ""}, {"has_media": true, "hashtags": [], "img_urls": ["https://pbs.twimg.com/media/DJLHwiMW0AAHB9o.jpg"], "is_replied": false, "is_reply_to": false, "likes": 0, "links": ["http://www.salon.com/2017/09/07/see-kid-rock-rant-about-nazis-kkk-black-lives-matter-and-kaepernick-at-a-concert/"], "parent_tweet_id": "", "replies": 0, "reply_to_users": [], "retweets": 0, "screen_name": "zesty_liberal", "text": "Kid Rock rants about Nazis, KKK, Black Lives Matter and Colin Kaepernick at a concert http://www.salon.com/2017/09/07/see-kid-rock-rant-about-nazis-kkk-black-lives-matter-and-kaepernick-at-a-concert/\u00a0\u2026pic.twitter.com/xY0reoFNAT", "text_html": "<p class=\"TweetTextSize js-tweet-text tweet-text\" data-aria-label-part=\"0\" lang=\"en\">Kid Rock rants about Nazis, KKK, <strong>Black Lives Matter</strong> <strong>and</strong> <strong>Colin Kaepernick</strong> at a concert <a class=\"twitter-timeline-link\" data-expanded-url=\"http://www.salon.com/2017/09/07/see-kid-rock-rant-about-nazis-kkk-black-lives-matter-and-kaepernick-at-a-concert/\" dir=\"ltr\" href=\"https://t.co/CuoxztbWFd\" rel=\"nofollow noopener\" target=\"_blank\" title=\"http://www.salon.com/2017/09/07/see-kid-rock-rant-about-nazis-kkk-black-lives-matter-and-kaepernick-at-a-concert/\"><span class=\"tco-ellipsis\"></span><span class=\"invisible\">http://www.</span><span class=\"js-display-url\">salon.com/2017/09/07/see</span><span class=\"invisible\">-kid-rock-rant-about-nazis-kkk-black-lives-matter-and-kaepernick-at-a-concert/</span><span class=\"tco-ellipsis\"><span class=\"invisible\">\u00a0</span>\u2026</span></a><a class=\"twitter-timeline-link u-hidden\" data-pre-embedded=\"true\" dir=\"ltr\" href=\"https://t.co/xY0reoFNAT\">pic.twitter.com/xY0reoFNAT</a></p>", "timestamp": "2017-09-08T04:07:45", "timestamp_epochs": 1504843665, "tweet_id": "906006114369642498", "tweet_url": "/zesty_liberal/status/906006114369642498", "user_id": "711601518273818628", "username": "Zesty Liberal News", "video_url": ""}, {"has_media": false, "hashtags": [], "img_urls": [], "is_replied": true, "is_reply_to": true, "likes": 0, "links": [], "parent_tweet_id": "904423777072709632", "replies": 1, "reply_to_users": [{"screen_name": "jjpar711", "user_id": "62268569"}, {"screen_name": "DollErica1", "user_id": "891303921393836032"}], "retweets": 0, "screen_name": "DokieWilliams", "text": "Which doesn't address my question to you. Q: Do Black lives matter to you? And are you insinuating that Black lives don't matter to God?Wow", "text_html": "<p class=\"TweetTextSize js-tweet-text tweet-text\" data-aria-label-part=\"0\" lang=\"en\">Which doesn't address my question to you. Q: Do <strong>Black lives matter</strong> to you? <strong>And</strong> are you insinuating that Black lives don't matter to God?Wow</p>", "timestamp": "2017-09-08T02:45:06", "timestamp_epochs": 1504838706, "tweet_id": "905985314484715520", "tweet_url": "/DokieWilliams/status/905985314484715520", "user_id": "797206230750154752", "username": "Dokie Williams", "video_url": ""}, {"has_media": false, "hashtags": ["KidRock", "Nazis", "KKK"], "img_urls": [], "is_replied": true, "is_reply_to": false, "likes": 0, "links": ["http://Salon.com", "http://www.salon.com/2017/09/07/see-kid-rock-rant-about-nazis-kkk-black-lives-matter-and-kaepernick-at-a-concert/"], "parent_tweet_id": "", "replies": 1, "reply_to_users": [], "retweets": 0, "screen_name": "littleredblog", "text": "#KidRock rants about #Nazis, #KKK, Black Lives Matter and Colin Kaepernick at a concert - http://Salon.com\u00a0 http://www.salon.com/2017/09/07/see-kid-rock-rant-about-nazis-kkk-black-lives-matter-and-kaepernick-at-a-concert/\u00a0\u2026", "text_html": "<p class=\"TweetTextSize js-tweet-text tweet-text\" data-aria-label-part=\"0\" lang=\"en\"><a class=\"twitter-hashtag pretty-link js-nav\" data-query-source=\"hashtag_click\" dir=\"ltr\" href=\"/hashtag/KidRock?src=hash\"><s>#</s><b>KidRock</b></a> rants about <a class=\"twitter-hashtag pretty-link js-nav\" data-query-source=\"hashtag_click\" dir=\"ltr\" href=\"/hashtag/Nazis?src=hash\"><s>#</s><b>Nazis</b></a>, <a class=\"twitter-hashtag pretty-link js-nav\" data-query-source=\"hashtag_click\" dir=\"ltr\" href=\"/hashtag/KKK?src=hash\"><s>#</s><b>KKK</b></a>, <strong>Black Lives Matter</strong> <strong>and</strong> <strong>Colin Kaepernick</strong> at a concert - <a class=\"twitter-timeline-link\" data-expanded-url=\"http://Salon.com\" dir=\"ltr\" href=\"https://t.co/G0bUwy71Z8\" rel=\"nofollow noopener\" target=\"_blank\" title=\"http://Salon.com\"><span class=\"tco-ellipsis\"></span><span class=\"invisible\">http://</span><span class=\"js-display-url\">Salon.com</span><span class=\"invisible\"></span><span class=\"tco-ellipsis\"><span class=\"invisible\">\u00a0</span></span></a> <a class=\"twitter-timeline-link\" data-expanded-url=\"http://www.salon.com/2017/09/07/see-kid-rock-rant-about-nazis-kkk-black-lives-matter-and-kaepernick-at-a-concert/\" dir=\"ltr\" href=\"https://t.co/239R2jFe18\" rel=\"nofollow noopener\" target=\"_blank\" title=\"http://www.salon.com/2017/09/07/see-kid-rock-rant-about-nazis-kkk-black-lives-matter-and-kaepernick-at-a-concert/\"><span class=\"tco-ellipsis\"></span><span class=\"invisible\">http://www.</span><span class=\"js-display-url\">salon.com/2017/09/07/see</span><span class=\"invisible\">-kid-rock-rant-about-nazis-kkk-black-lives-matter-and-kaepernick-at-a-concert/</span><span class=\"tco-ellipsis\"><span class=\"invisible\">\u00a0</span>\u2026</span></a></p>", "timestamp": "2017-09-07T23:00:36", "timestamp_epochs": 1504825236, "tweet_id": "905928817365090304", "tweet_url": "/littleredblog/status/905928817365090304", "user_id": "765763200", "username": "littleredblog", "video_url": ""}, {"has_media": true, "hashtags": [], "img_urls": ["https://pbs.twimg.com/media/DJJ6FeUXYAAXUot.jpg"], "is_replied": false, "is_reply_to": false, "likes": 0, "links": ["http://www.salon.com/2017/09/07/see-kid-rock-rant-about-nazis-kkk-black-lives-matter-and-kaepernick-at-a-concert/"], "parent_tweet_id": "", "replies": 0, "reply_to_users": [], "retweets": 0, "screen_name": "g_mccray", "text": "Kid Rock rants about Nazis, KKK, Black Lives Matter and Colin Kaepernick at a concert http://www.salon.com/2017/09/07/see-kid-rock-rant-about-nazis-kkk-black-lives-matter-and-kaepernick-at-a-concert/\u00a0\u2026pic.twitter.com/EcWQi4lqsp", "text_html": "<p class=\"TweetTextSize js-tweet-text tweet-text\" data-aria-label-part=\"0\" lang=\"en\">Kid Rock rants about Nazis, KKK, <strong>Black Lives Matter</strong> <strong>and</strong> <strong>Colin Kaepernick</strong> at a concert <a class=\"twitter-timeline-link\" data-expanded-url=\"http://www.salon.com/2017/09/07/see-kid-rock-rant-about-nazis-kkk-black-lives-matter-and-kaepernick-at-a-concert/\" dir=\"ltr\" href=\"https://t.co/fCmycSPCpe\" rel=\"nofollow noopener\" target=\"_blank\" title=\"http://www.salon.com/2017/09/07/see-kid-rock-rant-about-nazis-kkk-black-lives-matter-and-kaepernick-at-a-concert/\"><span class=\"tco-ellipsis\"></span><span class=\"invisible\">http://www.</span><span class=\"js-display-url\">salon.com/2017/09/07/see</span><span class=\"invisible\">-kid-rock-rant-about-nazis-kkk-black-lives-matter-and-kaepernick-at-a-concert/</span><span class=\"tco-ellipsis\"><span class=\"invisible\">\u00a0</span>\u2026</span></a><a class=\"twitter-timeline-link u-hidden\" data-pre-embedded=\"true\" dir=\"ltr\" href=\"https://t.co/EcWQi4lqsp\">pic.twitter.com/EcWQi4lqsp</a></p>", "timestamp": "2017-09-07T22:28:23", "timestamp_epochs": 1504823303, "tweet_id": "905920712115965952", "tweet_url": "/g_mccray/status/905920712115965952", "user_id": "149984992", "username": "Gregory McCray", "video_url": ""}, {"has_media": false, "hashtags": ["blm", "blacklivesmat"], "img_urls": [], "is_replied": false, "is_reply_to": false, "likes": 0, "links": ["http://ift.tt/2wcXbjb"], "parent_tweet_id": "", "replies": 0, "reply_to_users": [], "retweets": 1, "screen_name": "BLM_Report", "text": "Kid Rock rants about Nazis, KKK, Black Lives Matter and Colin Kaepernick at a concert - Salon: http://ift.tt/2wcXbjb\u00a0 #blm #blacklivesmat\u2026", "text_html": "<p class=\"TweetTextSize js-tweet-text tweet-text\" data-aria-label-part=\"0\" lang=\"en\">Kid Rock rants about Nazis, KKK, <strong>Black Lives Matter</strong> <strong>and</strong> <strong>Colin Kaepernick</strong> at a concert - Salon: <a class=\"twitter-timeline-link\" data-expanded-url=\"http://ift.tt/2wcXbjb\" dir=\"ltr\" href=\"https://t.co/bRJU3MF48U\" rel=\"nofollow noopener\" target=\"_blank\" title=\"http://ift.tt/2wcXbjb\"><span class=\"tco-ellipsis\"></span><span class=\"invisible\">http://</span><span class=\"js-display-url\">ift.tt/2wcXbjb</span><span class=\"invisible\"></span><span class=\"tco-ellipsis\"><span class=\"invisible\">\u00a0</span></span></a> <a class=\"twitter-hashtag pretty-link js-nav\" data-query-source=\"hashtag_click\" dir=\"ltr\" href=\"/hashtag/blm?src=hash\"><s>#</s><b>blm</b></a> <a class=\"twitter-hashtag pretty-link js-nav\" data-query-source=\"hashtag_click\" dir=\"ltr\" href=\"/hashtag/blacklivesmat?src=hash\"><s>#</s><b>blacklivesmat</b></a>\u2026</p>", "timestamp": "2017-09-07T21:11:16", "timestamp_epochs": 1504818676, "tweet_id": "905901304739975168", "tweet_url": "/BLM_Report/status/905901304739975168", "user_id": "778256851506823171", "username": "BLM Report", "video_url": ""}, {"has_media": true, "hashtags": [], "img_urls": ["https://pbs.twimg.com/media/DJJlo1uXoAAthbr.jpg"], "is_replied": false, "is_reply_to": false, "likes": 0, "links": ["http://nice-articles.com/articles/kid-rock-27421"], "parent_tweet_id": "", "replies": 0, "reply_to_users": [], "retweets": 0, "screen_name": "Nicearticlesinf", "text": "Kid Rock talks Black Lives Matter, KKK and Colin Kaepernick during Michigan concert http://nice-articles.com/articles/kid-rock-27421\u00a0\u2026pic.twitter.com/45orkkOoAq", "text_html": "<p class=\"TweetTextSize js-tweet-text tweet-text\" data-aria-label-part=\"0\" lang=\"en\">Kid Rock talks <strong>Black Lives Matter</strong>, KKK <strong>and</strong> <strong>Colin Kaepernick</strong> during Michigan concert <a class=\"twitter-timeline-link\" data-expanded-url=\"http://nice-articles.com/articles/kid-rock-27421\" dir=\"ltr\" href=\"https://t.co/nabhQ01i1c\" rel=\"nofollow noopener\" target=\"_blank\" title=\"http://nice-articles.com/articles/kid-rock-27421\"><span class=\"tco-ellipsis\"></span><span class=\"invisible\">http://</span><span class=\"js-display-url\">nice-articles.com/articles/kid-r</span><span class=\"invisible\">ock-27421</span><span class=\"tco-ellipsis\"><span class=\"invisible\">\u00a0</span>\u2026</span></a><a class=\"twitter-timeline-link u-hidden\" data-pre-embedded=\"true\" dir=\"ltr\" href=\"https://t.co/45orkkOoAq\">pic.twitter.com/45orkkOoAq</a></p>", "timestamp": "2017-09-07T20:59:03", "timestamp_epochs": 1504817943, "tweet_id": "905898230323531777", "tweet_url": "/Nicearticlesinf/status/905898230323531777", "user_id": "867122580397985792", "username": "Nicearticles", "video_url": ""}, {"has_media": false, "hashtags": [], "img_urls": [], "is_replied": false, "is_reply_to": false, "likes": 0, "links": ["http://www.salon.com/2017/09/07/see-kid-rock-rant-about-nazis-kkk-black-lives-matter-and-kaepernick-at-a-concert/?utm_source=twitter"], "parent_tweet_id": "", "replies": 0, "reply_to_users": [], "retweets": 0, "screen_name": "salon_superfan", "text": "See Kid Rock rant about Nazis, KKK, Black Lives Matter and Colin Kaepernick at a concert http://www.salon.com/2017/09/07/see-kid-rock-rant-about-nazis-kkk-black-lives-matter-and-kaepernick-at-a-concert/?utm_source=twitter\u00a0\u2026", "text_html": "<p class=\"TweetTextSize js-tweet-text tweet-text\" data-aria-label-part=\"0\" lang=\"en\">See Kid Rock rant about Nazis, KKK, <strong>Black Lives Matter</strong> <strong>and</strong> <strong>Colin Kaepernick</strong> at a concert <a class=\"twitter-timeline-link\" data-expanded-url=\"http://www.salon.com/2017/09/07/see-kid-rock-rant-about-nazis-kkk-black-lives-matter-and-kaepernick-at-a-concert/?utm_source=twitter\" dir=\"ltr\" href=\"https://t.co/BKNcLyWdup\" rel=\"nofollow noopener\" target=\"_blank\" title=\"http://www.salon.com/2017/09/07/see-kid-rock-rant-about-nazis-kkk-black-lives-matter-and-kaepernick-at-a-concert/?utm_source=twitter\"><span class=\"tco-ellipsis\"></span><span class=\"invisible\">http://www.</span><span class=\"js-display-url\">salon.com/2017/09/07/see</span><span class=\"invisible\">-kid-rock-rant-about-nazis-kkk-black-lives-matter-and-kaepernick-at-a-concert/?utm_source=twitter</span><span class=\"tco-ellipsis\"><span class=\"invisible\">\u00a0</span>\u2026</span></a></p>", "timestamp": "2017-09-07T18:19:40", "timestamp_epochs": 1504808380, "tweet_id": "905858119108001792", "tweet_url": "/salon_superfan/status/905858119108001792", "user_id": "900860386764701696", "username": "salon_superfan", "video_url": ""}, {"has_media": true, "hashtags": [], "img_urls": ["https://pbs.twimg.com/media/DJIrx_iUEAALIch.jpg"], "is_replied": false, "is_reply_to": false, "likes": 0, "links": ["http://dlvr.it/PlRwBX"], "parent_tweet_id": "", "replies": 0, "reply_to_users": [], "retweets": 0, "screen_name": "Techie1964", "text": "Kid Rock talks Black Lives Matter, KKK and Colin Kaepernick during Michigan concert http://dlvr.it/PlRwBX\u00a0pic.twitter.com/Cwqro235ez", "text_html": "<p class=\"TweetTextSize js-tweet-text tweet-text\" data-aria-label-part=\"0\" lang=\"en\">Kid Rock talks <strong>Black Lives Matter</strong>, KKK <strong>and</strong> <strong>Colin Kaepernick</strong> during Michigan concert <a class=\"twitter-timeline-link\" data-expanded-url=\"http://dlvr.it/PlRwBX\" dir=\"ltr\" href=\"https://t.co/L2d2EAbWAJ\" rel=\"nofollow noopener\" target=\"_blank\" title=\"http://dlvr.it/PlRwBX\"><span class=\"tco-ellipsis\"></span><span class=\"invisible\">http://</span><span class=\"js-display-url\">dlvr.it/PlRwBX</span><span class=\"invisible\"></span><span class=\"tco-ellipsis\"><span class=\"invisible\">\u00a0</span></span></a><a class=\"twitter-timeline-link u-hidden\" data-pre-embedded=\"true\" dir=\"ltr\" href=\"https://t.co/Cwqro235ez\">pic.twitter.com/Cwqro235ez</a></p>", "timestamp": "2017-09-07T16:46:16", "timestamp_epochs": 1504802776, "tweet_id": "905834616539320320", "tweet_url": "/Techie1964/status/905834616539320320", "user_id": "29961391", "username": "World Affairs", "video_url": ""}, {"has_media": false, "hashtags": ["blm", "blac"], "img_urls": [], "is_replied": false, "is_reply_to": false, "likes": 0, "links": ["http://ift.tt/2j7efWw"], "parent_tweet_id": "", "replies": 0, "reply_to_users": [], "retweets": 0, "screen_name": "BLM_Report", "text": "Kid Rock talks Black Lives Matter, KKK and Colin Kaepernick during Michigan concert - Washington Times: http://ift.tt/2j7efWw\u00a0 #blm #blac\u2026", "text_html": "<p class=\"TweetTextSize js-tweet-text tweet-text\" data-aria-label-part=\"0\" lang=\"en\">Kid Rock talks <strong>Black Lives Matter</strong>, KKK <strong>and</strong> <strong>Colin Kaepernick</strong> during Michigan concert - Washington Times: <a class=\"twitter-timeline-link\" data-expanded-url=\"http://ift.tt/2j7efWw\" dir=\"ltr\" href=\"https://t.co/Vs002yELGE\" rel=\"nofollow noopener\" target=\"_blank\" title=\"http://ift.tt/2j7efWw\"><span class=\"tco-ellipsis\"></span><span class=\"invisible\">http://</span><span class=\"js-display-url\">ift.tt/2j7efWw</span><span class=\"invisible\"></span><span class=\"tco-ellipsis\"><span class=\"invisible\">\u00a0</span></span></a> <a class=\"twitter-hashtag pretty-link js-nav\" data-query-source=\"hashtag_click\" dir=\"ltr\" href=\"/hashtag/blm?src=hash\"><s>#</s><b>blm</b></a> <a class=\"twitter-hashtag pretty-link js-nav\" data-query-source=\"hashtag_click\" dir=\"ltr\" href=\"/hashtag/blac?src=hash\"><s>#</s><b>blac</b></a>\u2026</p>", "timestamp": "2017-09-07T16:27:22", "timestamp_epochs": 1504801642, "tweet_id": "905829860530106368", "tweet_url": "/BLM_Report/status/905829860530106368", "user_id": "778256851506823171", "username": "BLM Report", "video_url": ""}, {"has_media": false, "hashtags": [], "img_urls": [], "is_replied": false, "is_reply_to": false, "likes": 0, "links": ["http://ow.ly/Y5FY50dTQDP"], "parent_tweet_id": "", "replies": 0, "reply_to_users": [], "retweets": 0, "screen_name": "wtimespolitics", "text": "Kid Rock talks Black Lives Matter, KKK and Colin Kaepernick during Michigan concert http://ow.ly/Y5FY50dTQDP\u00a0", "text_html": "<p class=\"TweetTextSize js-tweet-text tweet-text\" data-aria-label-part=\"0\" lang=\"en\">Kid Rock talks <strong>Black Lives Matter</strong>, KKK <strong>and</strong> <strong>Colin Kaepernick</strong> during Michigan concert <a class=\"twitter-timeline-link\" data-expanded-url=\"http://ow.ly/Y5FY50dTQDP\" dir=\"ltr\" href=\"https://t.co/B0NuOaVxt9\" rel=\"nofollow noopener\" target=\"_blank\" title=\"http://ow.ly/Y5FY50dTQDP\"><span class=\"tco-ellipsis\"></span><span class=\"invisible\">http://</span><span class=\"js-display-url\">ow.ly/Y5FY50dTQDP</span><span class=\"invisible\"></span><span class=\"tco-ellipsis\"><span class=\"invisible\">\u00a0</span></span></a></p>", "timestamp": "2017-09-07T16:15:33", "timestamp_epochs": 1504800933, "tweet_id": "905826886760243201", "tweet_url": "/wtimespolitics/status/905826886760243201", "user_id": "762231576", "username": "The Washington Times", "video_url": ""}, {"has_media": false, "hashtags": [], "img_urls": [], "is_replied": false, "is_reply_to": false, "likes": 0, "links": ["http://ow.ly/u8q250dTPs5"], "parent_tweet_id": "", "replies": 0, "reply_to_users": [], "retweets": 0, "screen_name": "wtimesnation", "text": "Kid Rock talks Black Lives Matter, KKK and Colin Kaepernick during Michigan concert http://ow.ly/u8q250dTPs5\u00a0", "text_html": "<p class=\"TweetTextSize js-tweet-text tweet-text\" data-aria-label-part=\"0\" lang=\"en\">Kid Rock talks <strong>Black Lives Matter</strong>, KKK <strong>and</strong> <strong>Colin Kaepernick</strong> during Michigan concert <a class=\"twitter-timeline-link\" data-expanded-url=\"http://ow.ly/u8q250dTPs5\" dir=\"ltr\" href=\"https://t.co/qsWZgHBDJ2\" rel=\"nofollow noopener\" target=\"_blank\" title=\"http://ow.ly/u8q250dTPs5\"><span class=\"tco-ellipsis\"></span><span class=\"invisible\">http://</span><span class=\"js-display-url\">ow.ly/u8q250dTPs5</span><span class=\"invisible\"></span><span class=\"tco-ellipsis\"><span class=\"invisible\">\u00a0</span></span></a></p>", "timestamp": "2017-09-07T16:00:27", "timestamp_epochs": 1504800027, "tweet_id": "905823085592498184", "tweet_url": "/wtimesnation/status/905823085592498184", "user_id": "762228732", "username": "The Washington Times", "video_url": ""}, {"has_media": false, "hashtags": [], "img_urls": [], "is_replied": false, "is_reply_to": false, "likes": 5, "links": ["http://ift.tt/2gOwI9B"], "parent_tweet_id": "", "replies": 0, "reply_to_users": [], "retweets": 3, "screen_name": "Conservatexian", "text": "News post: \"Kid Rock talks Black Lives Matter, KKK and Colin Kaepernick during Michigan concert\" http://ift.tt/2gOwI9B\u00a0", "text_html": "<p class=\"TweetTextSize js-tweet-text tweet-text\" data-aria-label-part=\"0\" lang=\"en\">News post: \"Kid Rock talks <strong>Black Lives Matter</strong>, KKK <strong>and</strong> <strong>Colin Kaepernick</strong> during Michigan concert\" <a class=\"twitter-timeline-link\" data-expanded-url=\"http://ift.tt/2gOwI9B\" dir=\"ltr\" href=\"https://t.co/ZHHjFuSt5g\" rel=\"nofollow noopener\" target=\"_blank\" title=\"http://ift.tt/2gOwI9B\"><span class=\"tco-ellipsis\"></span><span class=\"invisible\">http://</span><span class=\"js-display-url\">ift.tt/2gOwI9B</span><span class=\"invisible\"></span><span class=\"tco-ellipsis\"><span class=\"invisible\">\u00a0</span></span></a></p>", "timestamp": "2017-09-07T15:48:24", "timestamp_epochs": 1504799304, "tweet_id": "905820053148454912", "tweet_url": "/Conservatexian/status/905820053148454912", "user_id": "905019768", "username": "Major Victor Bravo\u274c", "video_url": ""}, {"has_media": true, "hashtags": [], "img_urls": ["https://pbs.twimg.com/media/DJId6kHUQAEoznu.jpg"], "is_replied": false, "is_reply_to": false, "likes": 0, "links": ["http://dlvr.it/PlRHJM"], "parent_tweet_id": "", "replies": 0, "reply_to_users": [], "retweets": 0, "screen_name": "IsraelNewsLinks", "text": "Kid Rock talks Black Lives Matter, KKK and Colin Kaepernick during Michigan concert http://dlvr.it/PlRHJM\u00a0 via @WashTimespic.twitter.com/XysC15G16z", "text_html": "<p class=\"TweetTextSize js-tweet-text tweet-text\" data-aria-label-part=\"0\" lang=\"en\">Kid Rock talks <strong>Black Lives Matter</strong>, KKK <strong>and</strong> <strong>Colin Kaepernick</strong> during Michigan concert <a class=\"twitter-timeline-link\" data-expanded-url=\"http://dlvr.it/PlRHJM\" dir=\"ltr\" href=\"https://t.co/gBoOhS31VJ\" rel=\"nofollow noopener\" target=\"_blank\" title=\"http://dlvr.it/PlRHJM\"><span class=\"tco-ellipsis\"></span><span class=\"invisible\">http://</span><span class=\"js-display-url\">dlvr.it/PlRHJM</span><span class=\"invisible\"></span><span class=\"tco-ellipsis\"><span class=\"invisible\">\u00a0</span></span></a> via <a class=\"twitter-atreply pretty-link js-nav\" data-mentioned-user-id=\"14662354\" dir=\"ltr\" href=\"/WashTimes\"><s>@</s><b>WashTimes</b></a><a class=\"twitter-timeline-link u-hidden\" data-pre-embedded=\"true\" dir=\"ltr\" href=\"https://t.co/XysC15G16z\">pic.twitter.com/XysC15G16z</a></p>", "timestamp": "2017-09-07T15:45:42", "timestamp_epochs": 1504799142, "tweet_id": "905819371074854912", "tweet_url": "/IsraelNewsLinks/status/905819371074854912", "user_id": "19432346", "username": "Israel News Links", "video_url": ""}, {"has_media": false, "hashtags": [], "img_urls": [], "is_replied": false, "is_reply_to": false, "likes": 0, "links": ["http://ift.tt/2gOwI9B"], "parent_tweet_id": "", "replies": 0, "reply_to_users": [], "retweets": 0, "screen_name": "HWDRepublican", "text": "THR: Kid Rock talks Black Lives Matter, KKK and Colin Kaepernick during Michigan concert http://ift.tt/2gOwI9B\u00a0 (WT)", "text_html": "<p class=\"TweetTextSize js-tweet-text tweet-text\" data-aria-label-part=\"0\" lang=\"en\">THR: Kid Rock talks <strong>Black Lives Matter</strong>, KKK <strong>and</strong> <strong>Colin Kaepernick</strong> during Michigan concert <a class=\"twitter-timeline-link\" data-expanded-url=\"http://ift.tt/2gOwI9B\" dir=\"ltr\" href=\"https://t.co/Pp37vlBYoV\" rel=\"nofollow noopener\" target=\"_blank\" title=\"http://ift.tt/2gOwI9B\"><span class=\"tco-ellipsis\"></span><span class=\"invisible\">http://</span><span class=\"js-display-url\">ift.tt/2gOwI9B</span><span class=\"invisible\"></span><span class=\"tco-ellipsis\"><span class=\"invisible\">\u00a0</span></span></a> (WT)</p>", "timestamp": "2017-09-07T15:45:15", "timestamp_epochs": 1504799115, "tweet_id": "905819258059460612", "tweet_url": "/HWDRepublican/status/905819258059460612", "user_id": "17920055", "username": "HWDRepublican", "video_url": ""}, {"has_media": false, "hashtags": ["blm", "blac"], "img_urls": [], "is_replied": false, "is_reply_to": false, "likes": 0, "links": ["http://ift.tt/2j7Gjt0"], "parent_tweet_id": "", "replies": 0, "reply_to_users": [], "retweets": 0, "screen_name": "BLM_Report", "text": "Kid Rock talks Black Lives Matter, KKK and Colin Kaepernick during Michigan concert - Washington Times: http://ift.tt/2j7Gjt0\u00a0 #blm #blac\u2026", "text_html": "<p class=\"TweetTextSize js-tweet-text tweet-text\" data-aria-label-part=\"0\" lang=\"en\">Kid Rock talks <strong>Black Lives Matter</strong>, KKK <strong>and</strong> <strong>Colin Kaepernick</strong> during Michigan concert - Washington Times: <a class=\"twitter-timeline-link\" data-expanded-url=\"http://ift.tt/2j7Gjt0\" dir=\"ltr\" href=\"https://t.co/Fhvj5mH2wL\" rel=\"nofollow noopener\" target=\"_blank\" title=\"http://ift.tt/2j7Gjt0\"><span class=\"tco-ellipsis\"></span><span class=\"invisible\">http://</span><span class=\"js-display-url\">ift.tt/2j7Gjt0</span><span class=\"invisible\"></span><span class=\"tco-ellipsis\"><span class=\"invisible\">\u00a0</span></span></a> <a class=\"twitter-hashtag pretty-link js-nav\" data-query-source=\"hashtag_click\" dir=\"ltr\" href=\"/hashtag/blm?src=hash\"><s>#</s><b>blm</b></a> <a class=\"twitter-hashtag pretty-link js-nav\" data-query-source=\"hashtag_click\" dir=\"ltr\" href=\"/hashtag/blac?src=hash\"><s>#</s><b>blac</b></a>\u2026</p>", "timestamp": "2017-09-07T15:23:08", "timestamp_epochs": 1504797788, "tweet_id": "905813694554267649", "tweet_url": "/BLM_Report/status/905813694554267649", "user_id": "778256851506823171", "username": "BLM Report", "video_url": ""}, {"has_media": false, "hashtags": [], "img_urls": [], "is_replied": false, "is_reply_to": false, "likes": 1, "links": ["http://www.watershedblog.com/single-post/2017/09/07/Sheet-Caking-Sitting-and-Outrage-or-Pondering-The-Radical-Democratic-Potential-of-Agonism"], "parent_tweet_id": "", "replies": 0, "reply_to_users": [], "retweets": 0, "screen_name": "AdamHubrig", "text": "So I wrote this thing about cake, Colin Kaepernick, and Black Lives Matter. Consider giving it a read, or whatever. http://www.watershedblog.com/single-post/2017/09/07/Sheet-Caking-Sitting-and-Outrage-or-Pondering-The-Radical-Democratic-Potential-of-Agonism\u00a0\u2026", "text_html": "<p class=\"TweetTextSize js-tweet-text tweet-text\" data-aria-label-part=\"0\" lang=\"en\">So I wrote this thing about cake, <strong>Colin Kaepernick</strong>, <strong>and</strong> <strong>Black Lives Matter</strong>. Consider giving it a read, or whatever. <a class=\"twitter-timeline-link\" data-expanded-url=\"http://www.watershedblog.com/single-post/2017/09/07/Sheet-Caking-Sitting-and-Outrage-or-Pondering-The-Radical-Democratic-Potential-of-Agonism\" dir=\"ltr\" href=\"https://t.co/KezlYAi7mK\" rel=\"nofollow noopener\" target=\"_blank\" title=\"http://www.watershedblog.com/single-post/2017/09/07/Sheet-Caking-Sitting-and-Outrage-or-Pondering-The-Radical-Democratic-Potential-of-Agonism\"><span class=\"tco-ellipsis\"></span><span class=\"invisible\">http://www.</span><span class=\"js-display-url\">watershedblog.com/single-post/20</span><span class=\"invisible\">17/09/07/Sheet-Caking-Sitting-and-Outrage-or-Pondering-The-Radical-Democratic-Potential-of-Agonism</span><span class=\"tco-ellipsis\"><span class=\"invisible\">\u00a0</span>\u2026</span></a></p>", "timestamp": "2017-09-07T14:54:16", "timestamp_epochs": 1504796056, "tweet_id": "905806428350402561", "tweet_url": "/AdamHubrig/status/905806428350402561", "user_id": "1482680437", "username": "Adam Hubrig", "video_url": ""}, {"has_media": false, "hashtags": [], "img_urls": [], "is_replied": false, "is_reply_to": true, "likes": 0, "links": [], "parent_tweet_id": "905443109311524864", "replies": 0, "reply_to_users": [{"screen_name": "MrRuggets", "user_id": "938421816"}, {"screen_name": "Kaepernick7", "user_id": "45055696"}, {"screen_name": "MasterTes", "user_id": "31129384"}], "retweets": 0, "screen_name": "dwright98405", "text": "We as a culture need to stop listening and move to action. Black or white. If black lives matter grab the rope and pull!", "text_html": "<p class=\"TweetTextSize js-tweet-text tweet-text\" data-aria-label-part=\"0\" lang=\"en\">We as a culture need to stop listening <strong>and</strong> move to action. Black or white. If <strong>black lives matter</strong> grab the rope <strong>and</strong> pull!</p>", "timestamp": "2017-09-07T11:36:25", "timestamp_epochs": 1504784185, "tweet_id": "905756639508262912", "tweet_url": "/dwright98405/status/905756639508262912", "user_id": "1434063764", "username": "Daryl Wright", "video_url": ""}, {"has_media": false, "hashtags": ["KidRock", "Nazis", "KKK"], "img_urls": [], "is_replied": true, "is_reply_to": false, "likes": 0, "links": ["http://Salon.com", "http://www.salon.com/2017/09/07/see-kid-rock-rant-about-nazis-kkk-black-lives-matter-and-kaepernick-at-a-concert/"], "parent_tweet_id": "", "replies": 1, "reply_to_users": [], "retweets": 0, "screen_name": "littleredblog", "text": "#KidRock rants about #Nazis, #KKK, Black Lives Matter and Colin Kaepernick at a concert - http://Salon.com\u00a0 http://www.salon.com/2017/09/07/see-kid-rock-rant-about-nazis-kkk-black-lives-matter-and-kaepernick-at-a-concert/\u00a0\u2026", "text_html": "<p class=\"TweetTextSize js-tweet-text tweet-text\" data-aria-label-part=\"0\" lang=\"en\"><a class=\"twitter-hashtag pretty-link js-nav\" data-query-source=\"hashtag_click\" dir=\"ltr\" href=\"/hashtag/KidRock?src=hash\"><s>#</s><b>KidRock</b></a> rants about <a class=\"twitter-hashtag pretty-link js-nav\" data-query-source=\"hashtag_click\" dir=\"ltr\" href=\"/hashtag/Nazis?src=hash\"><s>#</s><b>Nazis</b></a>, <a class=\"twitter-hashtag pretty-link js-nav\" data-query-source=\"hashtag_click\" dir=\"ltr\" href=\"/hashtag/KKK?src=hash\"><s>#</s><b>KKK</b></a>, <strong>Black Lives Matter</strong> <strong>and</strong> <strong>Colin Kaepernick</strong> at a concert - <a class=\"twitter-timeline-link\" data-expanded-url=\"http://Salon.com\" dir=\"ltr\" href=\"https://t.co/G0bUwy71Z8\" rel=\"nofollow noopener\" target=\"_blank\" title=\"http://Salon.com\"><span class=\"tco-ellipsis\"></span><span class=\"invisible\">http://</span><span class=\"js-display-url\">Salon.com</span><span class=\"invisible\"></span><span class=\"tco-ellipsis\"><span class=\"invisible\">\u00a0</span></span></a> <a class=\"twitter-timeline-link\" data-expanded-url=\"http://www.salon.com/2017/09/07/see-kid-rock-rant-about-nazis-kkk-black-lives-matter-and-kaepernick-at-a-concert/\" dir=\"ltr\" href=\"https://t.co/239R2jFe18\" rel=\"nofollow noopener\" target=\"_blank\" title=\"http://www.salon.com/2017/09/07/see-kid-rock-rant-about-nazis-kkk-black-lives-matter-and-kaepernick-at-a-concert/\"><span class=\"tco-ellipsis\"></span><span class=\"invisible\">http://www.</span><span class=\"js-display-url\">salon.com/2017/09/07/see</span><span class=\"invisible\">-kid-rock-rant-about-nazis-kkk-black-lives-matter-and-kaepernick-at-a-concert/</span><span class=\"tco-ellipsis\"><span class=\"invisible\">\u00a0</span>\u2026</span></a></p>", "timestamp": "2017-09-07T23:00:36", "timestamp_epochs": 1504825236, "tweet_id": "905928817365090304", "tweet_url": "/littleredblog/status/905928817365090304", "user_id": "765763200", "username": "littleredblog", "video_url": ""}, {"has_media": true, "hashtags": [], "img_urls": ["https://pbs.twimg.com/media/DJJ6FeUXYAAXUot.jpg"], "is_replied": false, "is_reply_to": false, "likes": 0, "links": ["http://www.salon.com/2017/09/07/see-kid-rock-rant-about-nazis-kkk-black-lives-matter-and-kaepernick-at-a-concert/"], "parent_tweet_id": "", "replies": 0, "reply_to_users": [], "retweets": 0, "screen_name": "g_mccray", "text": "Kid Rock rants about Nazis, KKK, Black Lives Matter and Colin Kaepernick at a concert http://www.salon.com/2017/09/07/see-kid-rock-rant-about-nazis-kkk-black-lives-matter-and-kaepernick-at-a-concert/\u00a0\u2026pic.twitter.com/EcWQi4lqsp", "text_html": "<p class=\"TweetTextSize js-tweet-text tweet-text\" data-aria-label-part=\"0\" lang=\"en\">Kid Rock rants about Nazis, KKK, <strong>Black Lives Matter</strong> <strong>and</strong> <strong>Colin Kaepernick</strong> at a concert <a class=\"twitter-timeline-link\" data-expanded-url=\"http://www.salon.com/2017/09/07/see-kid-rock-rant-about-nazis-kkk-black-lives-matter-and-kaepernick-at-a-concert/\" dir=\"ltr\" href=\"https://t.co/fCmycSPCpe\" rel=\"nofollow noopener\" target=\"_blank\" title=\"http://www.salon.com/2017/09/07/see-kid-rock-rant-about-nazis-kkk-black-lives-matter-and-kaepernick-at-a-concert/\"><span class=\"tco-ellipsis\"></span><span class=\"invisible\">http://www.</span><span class=\"js-display-url\">salon.com/2017/09/07/see</span><span class=\"invisible\">-kid-rock-rant-about-nazis-kkk-black-lives-matter-and-kaepernick-at-a-concert/</span><span class=\"tco-ellipsis\"><span class=\"invisible\">\u00a0</span>\u2026</span></a><a class=\"twitter-timeline-link u-hidden\" data-pre-embedded=\"true\" dir=\"ltr\" href=\"https://t.co/EcWQi4lqsp\">pic.twitter.com/EcWQi4lqsp</a></p>", "timestamp": "2017-09-07T22:28:23", "timestamp_epochs": 1504823303, "tweet_id": "905920712115965952", "tweet_url": "/g_mccray/status/905920712115965952", "user_id": "149984992", "username": "Gregory McCray", "video_url": ""}, {"has_media": false, "hashtags": ["blm", "blacklivesmat"], "img_urls": [], "is_replied": false, "is_reply_to": false, "likes": 0, "links": ["http://ift.tt/2wcXbjb"], "parent_tweet_id": "", "replies": 0, "reply_to_users": [], "retweets": 1, "screen_name": "BLM_Report", "text": "Kid Rock rants about Nazis, KKK, Black Lives Matter and Colin Kaepernick at a concert - Salon: http://ift.tt/2wcXbjb\u00a0 #blm #blacklivesmat\u2026", "text_html": "<p class=\"TweetTextSize js-tweet-text tweet-text\" data-aria-label-part=\"0\" lang=\"en\">Kid Rock rants about Nazis, KKK, <strong>Black Lives Matter</strong> <strong>and</strong> <strong>Colin Kaepernick</strong> at a concert - Salon: <a class=\"twitter-timeline-link\" data-expanded-url=\"http://ift.tt/2wcXbjb\" dir=\"ltr\" href=\"https://t.co/bRJU3MF48U\" rel=\"nofollow noopener\" target=\"_blank\" title=\"http://ift.tt/2wcXbjb\"><span class=\"tco-ellipsis\"></span><span class=\"invisible\">http://</span><span class=\"js-display-url\">ift.tt/2wcXbjb</span><span class=\"invisible\"></span><span class=\"tco-ellipsis\"><span class=\"invisible\">\u00a0</span></span></a> <a class=\"twitter-hashtag pretty-link js-nav\" data-query-source=\"hashtag_click\" dir=\"ltr\" href=\"/hashtag/blm?src=hash\"><s>#</s><b>blm</b></a> <a class=\"twitter-hashtag pretty-link js-nav\" data-query-source=\"hashtag_click\" dir=\"ltr\" href=\"/hashtag/blacklivesmat?src=hash\"><s>#</s><b>blacklivesmat</b></a>\u2026</p>", "timestamp": "2017-09-07T21:11:16", "timestamp_epochs": 1504818676, "tweet_id": "905901304739975168", "tweet_url": "/BLM_Report/status/905901304739975168", "user_id": "778256851506823171", "username": "BLM Report", "video_url": ""}, {"has_media": true, "hashtags": [], "img_urls": ["https://pbs.twimg.com/media/DJJlo1uXoAAthbr.jpg"], "is_replied": false, "is_reply_to": false, "likes": 0, "links": ["http://nice-articles.com/articles/kid-rock-27421"], "parent_tweet_id": "", "replies": 0, "reply_to_users": [], "retweets": 0, "screen_name": "Nicearticlesinf", "text": "Kid Rock talks Black Lives Matter, KKK and Colin Kaepernick during Michigan concert http://nice-articles.com/articles/kid-rock-27421\u00a0\u2026pic.twitter.com/45orkkOoAq", "text_html": "<p class=\"TweetTextSize js-tweet-text tweet-text\" data-aria-label-part=\"0\" lang=\"en\">Kid Rock talks <strong>Black Lives Matter</strong>, KKK <strong>and</strong> <strong>Colin Kaepernick</strong> during Michigan concert <a class=\"twitter-timeline-link\" data-expanded-url=\"http://nice-articles.com/articles/kid-rock-27421\" dir=\"ltr\" href=\"https://t.co/nabhQ01i1c\" rel=\"nofollow noopener\" target=\"_blank\" title=\"http://nice-articles.com/articles/kid-rock-27421\"><span class=\"tco-ellipsis\"></span><span class=\"invisible\">http://</span><span class=\"js-display-url\">nice-articles.com/articles/kid-r</span><span class=\"invisible\">ock-27421</span><span class=\"tco-ellipsis\"><span class=\"invisible\">\u00a0</span>\u2026</span></a><a class=\"twitter-timeline-link u-hidden\" data-pre-embedded=\"true\" dir=\"ltr\" href=\"https://t.co/45orkkOoAq\">pic.twitter.com/45orkkOoAq</a></p>", "timestamp": "2017-09-07T20:59:03", "timestamp_epochs": 1504817943, "tweet_id": "905898230323531777", "tweet_url": "/Nicearticlesinf/status/905898230323531777", "user_id": "867122580397985792", "username": "Nicearticles", "video_url": ""}, {"has_media": false, "hashtags": [], "img_urls": [], "is_replied": false, "is_reply_to": false, "likes": 0, "links": ["http://www.salon.com/2017/09/07/see-kid-rock-rant-about-nazis-kkk-black-lives-matter-and-kaepernick-at-a-concert/?utm_source=twitter"], "parent_tweet_id": "", "replies": 0, "reply_to_users": [], "retweets": 0, "screen_name": "salon_superfan", "text": "See Kid Rock rant about Nazis, KKK, Black Lives Matter and Colin Kaepernick at a concert http://www.salon.com/2017/09/07/see-kid-rock-rant-about-nazis-kkk-black-lives-matter-and-kaepernick-at-a-concert/?utm_source=twitter\u00a0\u2026", "text_html": "<p class=\"TweetTextSize js-tweet-text tweet-text\" data-aria-label-part=\"0\" lang=\"en\">See Kid Rock rant about Nazis, KKK, <strong>Black Lives Matter</strong> <strong>and</strong> <strong>Colin Kaepernick</strong> at a concert <a class=\"twitter-timeline-link\" data-expanded-url=\"http://www.salon.com/2017/09/07/see-kid-rock-rant-about-nazis-kkk-black-lives-matter-and-kaepernick-at-a-concert/?utm_source=twitter\" dir=\"ltr\" href=\"https://t.co/BKNcLyWdup\" rel=\"nofollow noopener\" target=\"_blank\" title=\"http://www.salon.com/2017/09/07/see-kid-rock-rant-about-nazis-kkk-black-lives-matter-and-kaepernick-at-a-concert/?utm_source=twitter\"><span class=\"tco-ellipsis\"></span><span class=\"invisible\">http://www.</span><span class=\"js-display-url\">salon.com/2017/09/07/see</span><span class=\"invisible\">-kid-rock-rant-about-nazis-kkk-black-lives-matter-and-kaepernick-at-a-concert/?utm_source=twitter</span><span class=\"tco-ellipsis\"><span class=\"invisible\">\u00a0</span>\u2026</span></a></p>", "timestamp": "2017-09-07T18:19:40", "timestamp_epochs": 1504808380, "tweet_id": "905858119108001792", "tweet_url": "/salon_superfan/status/905858119108001792", "user_id": "900860386764701696", "username": "salon_superfan", "video_url": ""}, {"has_media": true, "hashtags": [], "img_urls": ["https://pbs.twimg.com/media/DJIrx_iUEAALIch.jpg"], "is_replied": false, "is_reply_to": false, "likes": 0, "links": ["http://dlvr.it/PlRwBX"], "parent_tweet_id": "", "replies": 0, "reply_to_users": [], "retweets": 0, "screen_name": "Techie1964", "text": "Kid Rock talks Black Lives Matter, KKK and Colin Kaepernick during Michigan concert http://dlvr.it/PlRwBX\u00a0pic.twitter.com/Cwqro235ez", "text_html": "<p class=\"TweetTextSize js-tweet-text tweet-text\" data-aria-label-part=\"0\" lang=\"en\">Kid Rock talks <strong>Black Lives Matter</strong>, KKK <strong>and</strong> <strong>Colin Kaepernick</strong> during Michigan concert <a class=\"twitter-timeline-link\" data-expanded-url=\"http://dlvr.it/PlRwBX\" dir=\"ltr\" href=\"https://t.co/L2d2EAbWAJ\" rel=\"nofollow noopener\" target=\"_blank\" title=\"http://dlvr.it/PlRwBX\"><span class=\"tco-ellipsis\"></span><span class=\"invisible\">http://</span><span class=\"js-display-url\">dlvr.it/PlRwBX</span><span class=\"invisible\"></span><span class=\"tco-ellipsis\"><span class=\"invisible\">\u00a0</span></span></a><a class=\"twitter-timeline-link u-hidden\" data-pre-embedded=\"true\" dir=\"ltr\" href=\"https://t.co/Cwqro235ez\">pic.twitter.com/Cwqro235ez</a></p>", "timestamp": "2017-09-07T16:46:16", "timestamp_epochs": 1504802776, "tweet_id": "905834616539320320", "tweet_url": "/Techie1964/status/905834616539320320", "user_id": "29961391", "username": "World Affairs", "video_url": ""}, {"has_media": false, "hashtags": ["blm", "blac"], "img_urls": [], "is_replied": false, "is_reply_to": false, "likes": 0, "links": ["http://ift.tt/2j7efWw"], "parent_tweet_id": "", "replies": 0, "reply_to_users": [], "retweets": 0, "screen_name": "BLM_Report", "text": "Kid Rock talks Black Lives Matter, KKK and Colin Kaepernick during Michigan concert - Washington Times: http://ift.tt/2j7efWw\u00a0 #blm #blac\u2026", "text_html": "<p class=\"TweetTextSize js-tweet-text tweet-text\" data-aria-label-part=\"0\" lang=\"en\">Kid Rock talks <strong>Black Lives Matter</strong>, KKK <strong>and</strong> <strong>Colin Kaepernick</strong> during Michigan concert - Washington Times: <a class=\"twitter-timeline-link\" data-expanded-url=\"http://ift.tt/2j7efWw\" dir=\"ltr\" href=\"https://t.co/Vs002yELGE\" rel=\"nofollow noopener\" target=\"_blank\" title=\"http://ift.tt/2j7efWw\"><span class=\"tco-ellipsis\"></span><span class=\"invisible\">http://</span><span class=\"js-display-url\">ift.tt/2j7efWw</span><span class=\"invisible\"></span><span class=\"tco-ellipsis\"><span class=\"invisible\">\u00a0</span></span></a> <a class=\"twitter-hashtag pretty-link js-nav\" data-query-source=\"hashtag_click\" dir=\"ltr\" href=\"/hashtag/blm?src=hash\"><s>#</s><b>blm</b></a> <a class=\"twitter-hashtag pretty-link js-nav\" data-query-source=\"hashtag_click\" dir=\"ltr\" href=\"/hashtag/blac?src=hash\"><s>#</s><b>blac</b></a>\u2026</p>", "timestamp": "2017-09-07T16:27:22", "timestamp_epochs": 1504801642, "tweet_id": "905829860530106368", "tweet_url": "/BLM_Report/status/905829860530106368", "user_id": "778256851506823171", "username": "BLM Report", "video_url": ""}, {"has_media": false, "hashtags": [], "img_urls": [], "is_replied": false, "is_reply_to": false, "likes": 0, "links": ["http://ow.ly/Y5FY50dTQDP"], "parent_tweet_id": "", "replies": 0, "reply_to_users": [], "retweets": 0, "screen_name": "wtimespolitics", "text": "Kid Rock talks Black Lives Matter, KKK and Colin Kaepernick during Michigan concert http://ow.ly/Y5FY50dTQDP\u00a0", "text_html": "<p class=\"TweetTextSize js-tweet-text tweet-text\" data-aria-label-part=\"0\" lang=\"en\">Kid Rock talks <strong>Black Lives Matter</strong>, KKK <strong>and</strong> <strong>Colin Kaepernick</strong> during Michigan concert <a class=\"twitter-timeline-link\" data-expanded-url=\"http://ow.ly/Y5FY50dTQDP\" dir=\"ltr\" href=\"https://t.co/B0NuOaVxt9\" rel=\"nofollow noopener\" target=\"_blank\" title=\"http://ow.ly/Y5FY50dTQDP\"><span class=\"tco-ellipsis\"></span><span class=\"invisible\">http://</span><span class=\"js-display-url\">ow.ly/Y5FY50dTQDP</span><span class=\"invisible\"></span><span class=\"tco-ellipsis\"><span class=\"invisible\">\u00a0</span></span></a></p>", "timestamp": "2017-09-07T16:15:33", "timestamp_epochs": 1504800933, "tweet_id": "905826886760243201", "tweet_url": "/wtimespolitics/status/905826886760243201", "user_id": "762231576", "username": "The Washington Times", "video_url": ""}, {"has_media": false, "hashtags": [], "img_urls": [], "is_replied": false, "is_reply_to": false, "likes": 0, "links": ["http://ow.ly/u8q250dTPs5"], "parent_tweet_id": "", "replies": 0, "reply_to_users": [], "retweets": 0, "screen_name": "wtimesnation", "text": "Kid Rock talks Black Lives Matter, KKK and Colin Kaepernick during Michigan concert http://ow.ly/u8q250dTPs5\u00a0", "text_html": "<p class=\"TweetTextSize js-tweet-text tweet-text\" data-aria-label-part=\"0\" lang=\"en\">Kid Rock talks <strong>Black Lives Matter</strong>, KKK <strong>and</strong> <strong>Colin Kaepernick</strong> during Michigan concert <a class=\"twitter-timeline-link\" data-expanded-url=\"http://ow.ly/u8q250dTPs5\" dir=\"ltr\" href=\"https://t.co/qsWZgHBDJ2\" rel=\"nofollow noopener\" target=\"_blank\" title=\"http://ow.ly/u8q250dTPs5\"><span class=\"tco-ellipsis\"></span><span class=\"invisible\">http://</span><span class=\"js-display-url\">ow.ly/u8q250dTPs5</span><span class=\"invisible\"></span><span class=\"tco-ellipsis\"><span class=\"invisible\">\u00a0</span></span></a></p>", "timestamp": "2017-09-07T16:00:27", "timestamp_epochs": 1504800027, "tweet_id": "905823085592498184", "tweet_url": "/wtimesnation/status/905823085592498184", "user_id": "762228732", "username": "The Washington Times", "video_url": ""}, {"has_media": false, "hashtags": [], "img_urls": [], "is_replied": false, "is_reply_to": false, "likes": 5, "links": ["http://ift.tt/2gOwI9B"], "parent_tweet_id": "", "replies": 0, "reply_to_users": [], "retweets": 3, "screen_name": "Conservatexian", "text": "News post: \"Kid Rock talks Black Lives Matter, KKK and Colin Kaepernick during Michigan concert\" http://ift.tt/2gOwI9B\u00a0", "text_html": "<p class=\"TweetTextSize js-tweet-text tweet-text\" data-aria-label-part=\"0\" lang=\"en\">News post: \"Kid Rock talks <strong>Black Lives Matter</strong>, KKK <strong>and</strong> <strong>Colin Kaepernick</strong> during Michigan concert\" <a class=\"twitter-timeline-link\" data-expanded-url=\"http://ift.tt/2gOwI9B\" dir=\"ltr\" href=\"https://t.co/ZHHjFuSt5g\" rel=\"nofollow noopener\" target=\"_blank\" title=\"http://ift.tt/2gOwI9B\"><span class=\"tco-ellipsis\"></span><span class=\"invisible\">http://</span><span class=\"js-display-url\">ift.tt/2gOwI9B</span><span class=\"invisible\"></span><span class=\"tco-ellipsis\"><span class=\"invisible\">\u00a0</span></span></a></p>", "timestamp": "2017-09-07T15:48:24", "timestamp_epochs": 1504799304, "tweet_id": "905820053148454912", "tweet_url": "/Conservatexian/status/905820053148454912", "user_id": "905019768", "username": "Major Victor Bravo\u274c", "video_url": ""}, {"has_media": true, "hashtags": [], "img_urls": ["https://pbs.twimg.com/media/DJId6kHUQAEoznu.jpg"], "is_replied": false, "is_reply_to": false, "likes": 0, "links": ["http://dlvr.it/PlRHJM"], "parent_tweet_id": "", "replies": 0, "reply_to_users": [], "retweets": 0, "screen_name": "IsraelNewsLinks", "text": "Kid Rock talks Black Lives Matter, KKK and Colin Kaepernick during Michigan concert http://dlvr.it/PlRHJM\u00a0 via @WashTimespic.twitter.com/XysC15G16z", "text_html": "<p class=\"TweetTextSize js-tweet-text tweet-text\" data-aria-label-part=\"0\" lang=\"en\">Kid Rock talks <strong>Black Lives Matter</strong>, KKK <strong>and</strong> <strong>Colin Kaepernick</strong> during Michigan concert <a class=\"twitter-timeline-link\" data-expanded-url=\"http://dlvr.it/PlRHJM\" dir=\"ltr\" href=\"https://t.co/gBoOhS31VJ\" rel=\"nofollow noopener\" target=\"_blank\" title=\"http://dlvr.it/PlRHJM\"><span class=\"tco-ellipsis\"></span><span class=\"invisible\">http://</span><span class=\"js-display-url\">dlvr.it/PlRHJM</span><span class=\"invisible\"></span><span class=\"tco-ellipsis\"><span class=\"invisible\">\u00a0</span></span></a> via <a class=\"twitter-atreply pretty-link js-nav\" data-mentioned-user-id=\"14662354\" dir=\"ltr\" href=\"/WashTimes\"><s>@</s><b>WashTimes</b></a><a class=\"twitter-timeline-link u-hidden\" data-pre-embedded=\"true\" dir=\"ltr\" href=\"https://t.co/XysC15G16z\">pic.twitter.com/XysC15G16z</a></p>", "timestamp": "2017-09-07T15:45:42", "timestamp_epochs": 1504799142, "tweet_id": "905819371074854912", "tweet_url": "/IsraelNewsLinks/status/905819371074854912", "user_id": "19432346", "username": "Israel News Links", "video_url": ""}, {"has_media": false, "hashtags": [], "img_urls": [], "is_replied": false, "is_reply_to": false, "likes": 0, "links": ["http://ift.tt/2gOwI9B"], "parent_tweet_id": "", "replies": 0, "reply_to_users": [], "retweets": 0, "screen_name": "HWDRepublican", "text": "THR: Kid Rock talks Black Lives Matter, KKK and Colin Kaepernick during Michigan concert http://ift.tt/2gOwI9B\u00a0 (WT)", "text_html": "<p class=\"TweetTextSize js-tweet-text tweet-text\" data-aria-label-part=\"0\" lang=\"en\">THR: Kid Rock talks <strong>Black Lives Matter</strong>, KKK <strong>and</strong> <strong>Colin Kaepernick</strong> during Michigan concert <a class=\"twitter-timeline-link\" data-expanded-url=\"http://ift.tt/2gOwI9B\" dir=\"ltr\" href=\"https://t.co/Pp37vlBYoV\" rel=\"nofollow noopener\" target=\"_blank\" title=\"http://ift.tt/2gOwI9B\"><span class=\"tco-ellipsis\"></span><span class=\"invisible\">http://</span><span class=\"js-display-url\">ift.tt/2gOwI9B</span><span class=\"invisible\"></span><span class=\"tco-ellipsis\"><span class=\"invisible\">\u00a0</span></span></a> (WT)</p>", "timestamp": "2017-09-07T15:45:15", "timestamp_epochs": 1504799115, "tweet_id": "905819258059460612", "tweet_url": "/HWDRepublican/status/905819258059460612", "user_id": "17920055", "username": "HWDRepublican", "video_url": ""}, {"has_media": false, "hashtags": ["blm", "blac"], "img_urls": [], "is_replied": false, "is_reply_to": false, "likes": 0, "links": ["http://ift.tt/2j7Gjt0"], "parent_tweet_id": "", "replies": 0, "reply_to_users": [], "retweets": 0, "screen_name": "BLM_Report", "text": "Kid Rock talks Black Lives Matter, KKK and Colin Kaepernick during Michigan concert - Washington Times: http://ift.tt/2j7Gjt0\u00a0 #blm #blac\u2026", "text_html": "<p class=\"TweetTextSize js-tweet-text tweet-text\" data-aria-label-part=\"0\" lang=\"en\">Kid Rock talks <strong>Black Lives Matter</strong>, KKK <strong>and</strong> <strong>Colin Kaepernick</strong> during Michigan concert - Washington Times: <a class=\"twitter-timeline-link\" data-expanded-url=\"http://ift.tt/2j7Gjt0\" dir=\"ltr\" href=\"https://t.co/Fhvj5mH2wL\" rel=\"nofollow noopener\" target=\"_blank\" title=\"http://ift.tt/2j7Gjt0\"><span class=\"tco-ellipsis\"></span><span class=\"invisible\">http://</span><span class=\"js-display-url\">ift.tt/2j7Gjt0</span><span class=\"invisible\"></span><span class=\"tco-ellipsis\"><span class=\"invisible\">\u00a0</span></span></a> <a class=\"twitter-hashtag pretty-link js-nav\" data-query-source=\"hashtag_click\" dir=\"ltr\" href=\"/hashtag/blm?src=hash\"><s>#</s><b>blm</b></a> <a class=\"twitter-hashtag pretty-link js-nav\" data-query-source=\"hashtag_click\" dir=\"ltr\" href=\"/hashtag/blac?src=hash\"><s>#</s><b>blac</b></a>\u2026</p>", "timestamp": "2017-09-07T15:23:08", "timestamp_epochs": 1504797788, "tweet_id": "905813694554267649", "tweet_url": "/BLM_Report/status/905813694554267649", "user_id": "778256851506823171", "username": "BLM Report", "video_url": ""}, {"has_media": false, "hashtags": [], "img_urls": [], "is_replied": false, "is_reply_to": false, "likes": 1, "links": ["http://www.watershedblog.com/single-post/2017/09/07/Sheet-Caking-Sitting-and-Outrage-or-Pondering-The-Radical-Democratic-Potential-of-Agonism"], "parent_tweet_id": "", "replies": 0, "reply_to_users": [], "retweets": 0, "screen_name": "AdamHubrig", "text": "So I wrote this thing about cake, Colin Kaepernick, and Black Lives Matter. Consider giving it a read, or whatever. http://www.watershedblog.com/single-post/2017/09/07/Sheet-Caking-Sitting-and-Outrage-or-Pondering-The-Radical-Democratic-Potential-of-Agonism\u00a0\u2026", "text_html": "<p class=\"TweetTextSize js-tweet-text tweet-text\" data-aria-label-part=\"0\" lang=\"en\">So I wrote this thing about cake, <strong>Colin Kaepernick</strong>, <strong>and</strong> <strong>Black Lives Matter</strong>. Consider giving it a read, or whatever. <a class=\"twitter-timeline-link\" data-expanded-url=\"http://www.watershedblog.com/single-post/2017/09/07/Sheet-Caking-Sitting-and-Outrage-or-Pondering-The-Radical-Democratic-Potential-of-Agonism\" dir=\"ltr\" href=\"https://t.co/KezlYAi7mK\" rel=\"nofollow noopener\" target=\"_blank\" title=\"http://www.watershedblog.com/single-post/2017/09/07/Sheet-Caking-Sitting-and-Outrage-or-Pondering-The-Radical-Democratic-Potential-of-Agonism\"><span class=\"tco-ellipsis\"></span><span class=\"invisible\">http://www.</span><span class=\"js-display-url\">watershedblog.com/single-post/20</span><span class=\"invisible\">17/09/07/Sheet-Caking-Sitting-and-Outrage-or-Pondering-The-Radical-Democratic-Potential-of-Agonism</span><span class=\"tco-ellipsis\"><span class=\"invisible\">\u00a0</span>\u2026</span></a></p>", "timestamp": "2017-09-07T14:54:16", "timestamp_epochs": 1504796056, "tweet_id": "905806428350402561", "tweet_url": "/AdamHubrig/status/905806428350402561", "user_id": "1482680437", "username": "Adam Hubrig", "video_url": ""}, {"has_media": false, "hashtags": [], "img_urls": [], "is_replied": false, "is_reply_to": true, "likes": 0, "links": [], "parent_tweet_id": "905443109311524864", "replies": 0, "reply_to_users": [{"screen_name": "MrRuggets", "user_id": "938421816"}, {"screen_name": "Kaepernick7", "user_id": "45055696"}, {"screen_name": "MasterTes", "user_id": "31129384"}], "retweets": 0, "screen_name": "dwright98405", "text": "We as a culture need to stop listening and move to action. Black or white. If black lives matter grab the rope and pull!", "text_html": "<p class=\"TweetTextSize js-tweet-text tweet-text\" data-aria-label-part=\"0\" lang=\"en\">We as a culture need to stop listening <strong>and</strong> move to action. Black or white. If <strong>black lives matter</strong> grab the rope <strong>and</strong> pull!</p>", "timestamp": "2017-09-07T11:36:25", "timestamp_epochs": 1504784185, "tweet_id": "905756639508262912", "tweet_url": "/dwright98405/status/905756639508262912", "user_id": "1434063764", "username": "Daryl Wright", "video_url": ""}]