[{"has_media": false, "hashtags": [], "img_urls": [], "is_replied": false, "is_reply_to": true, "likes": 0, "links": [], "parent_tweet_id": "902536088325120000", "replies": 0, "reply_to_users": [{"screen_name": "muzikyle", "user_id": "178166536"}], "retweets": 0, "screen_name": "MzSTL79", "text": "She sounds annoyed by Shannon's constant talk about Kaep/blm/ other issues pertaining to blacks, and she cuts him off ...", "text_html": "<p class=\"TweetTextSize js-tweet-text tweet-text\" data-aria-label-part=\"0\" lang=\"en\">She sounds annoyed by Shannon's constant talk about <strong>Kaep</strong>/<strong>blm</strong>/ other issues pertaining to blacks, <strong>and</strong> she cuts him off ...</p>", "timestamp": "2017-08-29T14:21:32", "timestamp_epochs": 1504016492, "tweet_id": "902536698969632768", "tweet_url": "/MzSTL79/status/902536698969632768", "user_id": "897194007448756224", "username": "Michele", "video_url": ""}, {"has_media": false, "hashtags": [], "img_urls": [], "is_replied": false, "is_reply_to": true, "likes": 0, "links": [], "parent_tweet_id": "902536088325120000", "replies": 0, "reply_to_users": [{"screen_name": "muzikyle", "user_id": "178166536"}], "retweets": 0, "screen_name": "MzSTL79", "text": "She sounds annoyed by Shannon's constant talk about Kaep/blm/ other issues pertaining to blacks, and she cuts him off ...", "text_html": "<p class=\"TweetTextSize js-tweet-text tweet-text\" data-aria-label-part=\"0\" lang=\"en\">She sounds annoyed by Shannon's constant talk about <strong>Kaep</strong>/<strong>blm</strong>/ other issues pertaining to blacks, <strong>and</strong> she cuts him off ...</p>", "timestamp": "2017-08-29T14:21:32", "timestamp_epochs": 1504016492, "tweet_id": "902536698969632768", "tweet_url": "/MzSTL79/status/902536698969632768", "user_id": "897194007448756224", "username": "Michele", "video_url": ""}, {"has_media": false, "hashtags": [], "img_urls": [], "is_replied": false, "is_reply_to": true, "likes": 0, "links": [], "parent_tweet_id": "902979948792750084", "replies": 0, "reply_to_users": [{"screen_name": "Titansszn9", "user_id": "68093719"}, {"screen_name": "CoreyValeary", "user_id": "1265153544"}, {"screen_name": "SplashyStacks", "user_id": "2281143074"}], "retweets": 0, "screen_name": "crow6729", "text": "We got Trump because Dems embraced identity politics and lost working class people. Kaep, BLM, all divisive movements got him elected", "text_html": "<p class=\"TweetTextSize js-tweet-text tweet-text\" data-aria-label-part=\"0\" lang=\"en\">We got Trump because Dems embraced identity politics <strong>and</strong> lost working class people. <strong>Kaep</strong>, <strong>BLM</strong>, all divisive movements got him elected</p>", "timestamp": "2017-08-30T20:51:03", "timestamp_epochs": 1504126263, "tweet_id": "902997112107012100", "tweet_url": "/crow6729/status/902997112107012100", "user_id": "4123728269", "username": "Red Crow", "video_url": ""}, {"has_media": false, "hashtags": [], "img_urls": [], "is_replied": false, "is_reply_to": true, "likes": 0, "links": [], "parent_tweet_id": "902979948792750084", "replies": 0, "reply_to_users": [{"screen_name": "Titansszn9", "user_id": "68093719"}, {"screen_name": "CoreyValeary", "user_id": "1265153544"}, {"screen_name": "SplashyStacks", "user_id": "2281143074"}], "retweets": 0, "screen_name": "crow6729", "text": "We got Trump because Dems embraced identity politics and lost working class people. Kaep, BLM, all divisive movements got him elected", "text_html": "<p class=\"TweetTextSize js-tweet-text tweet-text\" data-aria-label-part=\"0\" lang=\"en\">We got Trump because Dems embraced identity politics <strong>and</strong> lost working class people. <strong>Kaep</strong>, <strong>BLM</strong>, all divisive movements got him elected</p>", "timestamp": "2017-08-30T20:51:03", "timestamp_epochs": 1504126263, "tweet_id": "902997112107012100", "tweet_url": "/crow6729/status/902997112107012100", "user_id": "4123728269", "username": "Red Crow", "video_url": ""}, {"has_media": false, "hashtags": [], "img_urls": [], "is_replied": true, "is_reply_to": true, "likes": 0, "links": [], "parent_tweet_id": "905845854128529408", "replies": 1, "reply_to_users": [{"screen_name": "ShipitRideout", "user_id": "88100077"}, {"screen_name": "jorozco31", "user_id": "351176999"}], "retweets": 0, "screen_name": "ShipitRideout", "text": "the cause BLM stands for and what Kaep kneeled for. He makes their cause a joke when", "text_html": "<p class=\"TweetTextSize js-tweet-text tweet-text\" data-aria-label-part=\"0\" lang=\"en\">the cause <strong>BLM</strong> stands for <strong>and</strong> what <strong>Kaep</strong> kneeled for. He makes their cause a joke when</p>", "timestamp": "2017-09-07T20:14:35", "timestamp_epochs": 1504815275, "tweet_id": "905887038854926337", "tweet_url": "/ShipitRideout/status/905887038854926337", "user_id": "88100077", "username": "Big Time Tem\u00fcjin \ud83c\uddfa\ud83c\uddf8\ud83c\uddfa\ud83c\uddf8", "video_url": ""}, {"has_media": false, "hashtags": [], "img_urls": [], "is_replied": true, "is_reply_to": true, "likes": 0, "links": [], "parent_tweet_id": "905845854128529408", "replies": 1, "reply_to_users": [{"screen_name": "ShipitRideout", "user_id": "88100077"}, {"screen_name": "jorozco31", "user_id": "351176999"}], "retweets": 0, "screen_name": "ShipitRideout", "text": "the cause BLM stands for and what Kaep kneeled for. He makes their cause a joke when", "text_html": "<p class=\"TweetTextSize js-tweet-text tweet-text\" data-aria-label-part=\"0\" lang=\"en\">the cause <strong>BLM</strong> stands for <strong>and</strong> what <strong>Kaep</strong> kneeled for. He makes their cause a joke when</p>", "timestamp": "2017-09-07T20:14:35", "timestamp_epochs": 1504815275, "tweet_id": "905887038854926337", "tweet_url": "/ShipitRideout/status/905887038854926337", "user_id": "88100077", "username": "Big Time Tem\u00fcjin \ud83c\uddfa\ud83c\uddf8\ud83c\uddfa\ud83c\uddf8", "video_url": ""}, {"has_media": false, "hashtags": [], "img_urls": [], "is_replied": false, "is_reply_to": true, "likes": 0, "links": [], "parent_tweet_id": "905954139418402816", "replies": 0, "reply_to_users": [{"screen_name": "BigKwanDon", "user_id": "65662022"}, {"screen_name": "JoePrifitera", "user_id": "205965190"}], "retweets": 0, "screen_name": "kbeath2001", "text": "He sat for the Anthem which was a BLM thing... Kaep started this and he made it clear it was a BLM thing .. stop trying to deflect", "text_html": "<p class=\"TweetTextSize js-tweet-text tweet-text\" data-aria-label-part=\"0\" lang=\"en\">He sat for the Anthem which was a <strong>BLM</strong> thing... <strong>Kaep</strong> started this <strong>and</strong> he made it clear it was a <strong>BLM</strong> thing .. stop trying to deflect</p>", "timestamp": "2017-09-09T11:36:52", "timestamp_epochs": 1504957012, "tweet_id": "906481528728899584", "tweet_url": "/kbeath2001/status/906481528728899584", "user_id": "62045502", "username": "kenneth beath", "video_url": ""}, {"has_media": false, "hashtags": [], "img_urls": [], "is_replied": false, "is_reply_to": true, "likes": 0, "links": [], "parent_tweet_id": "905954139418402816", "replies": 0, "reply_to_users": [{"screen_name": "BigKwanDon", "user_id": "65662022"}, {"screen_name": "JoePrifitera", "user_id": "205965190"}], "retweets": 0, "screen_name": "kbeath2001", "text": "He sat for the Anthem which was a BLM thing... Kaep started this and he made it clear it was a BLM thing .. stop trying to deflect", "text_html": "<p class=\"TweetTextSize js-tweet-text tweet-text\" data-aria-label-part=\"0\" lang=\"en\">He sat for the Anthem which was a <strong>BLM</strong> thing... <strong>Kaep</strong> started this <strong>and</strong> he made it clear it was a <strong>BLM</strong> thing .. stop trying to deflect</p>", "timestamp": "2017-09-09T11:36:52", "timestamp_epochs": 1504957012, "tweet_id": "906481528728899584", "tweet_url": "/kbeath2001/status/906481528728899584", "user_id": "62045502", "username": "kenneth beath", "video_url": ""}, {"has_media": false, "hashtags": [], "img_urls": [], "is_replied": false, "is_reply_to": true, "likes": 0, "links": [], "parent_tweet_id": "902930154707599361", "replies": 0, "reply_to_users": [{"screen_name": "Tjtripn", "user_id": "470462488"}, {"screen_name": "richhomiechapo", "user_id": "1557206179"}], "retweets": 0, "screen_name": "DustM_D", "text": "But u don't just like kaep, blm celebrities, cause only thing that is going to stop the violence is the community and law and order", "text_html": "<p class=\"TweetTextSize js-tweet-text tweet-text\" data-aria-label-part=\"0\" lang=\"en\">But u don't just like <strong>kaep</strong>, <strong>blm</strong> celebrities, cause only thing that is going to stop the violence is the community <strong>and</strong> law <strong>and</strong> order</p>", "timestamp": "2017-08-31T20:24:51", "timestamp_epochs": 1504211091, "tweet_id": "903352907239534592", "tweet_url": "/DustM_D/status/903352907239534592", "user_id": "900421480978063360", "username": "Dust D", "video_url": ""}, {"has_media": false, "hashtags": [], "img_urls": [], "is_replied": false, "is_reply_to": true, "likes": 1, "links": [], "parent_tweet_id": "902930154707599361", "replies": 0, "reply_to_users": [{"screen_name": "cudell59", "user_id": "2710960381"}, {"screen_name": "richhomiechapo", "user_id": "1557206179"}], "retweets": 0, "screen_name": "DustM_D", "text": "Ha, after supporting kaep unamerican activities I sure won't ever be watching him again, BLM CALLS FOR WHITE CONFISCATION AND GENOCIDE", "text_html": "<p class=\"TweetTextSize js-tweet-text tweet-text\" data-aria-label-part=\"0\" lang=\"en\">Ha, after supporting <strong>kaep</strong> unamerican activities I sure won't ever be watching him again, <strong>BLM</strong> CALLS FOR WHITE CONFISCATION <strong>AND</strong> GENOCIDE</p>", "timestamp": "2017-08-31T20:09:20", "timestamp_epochs": 1504210160, "tweet_id": "903349004636786688", "tweet_url": "/DustM_D/status/903349004636786688", "user_id": "900421480978063360", "username": "Dust D", "video_url": ""}, {"has_media": false, "hashtags": [], "img_urls": [], "is_replied": false, "is_reply_to": true, "likes": 0, "links": [], "parent_tweet_id": "903077866581237760", "replies": 0, "reply_to_users": [{"screen_name": "dmai21", "user_id": "18263203"}], "retweets": 0, "screen_name": "CheeButter", "text": "But sone is son real...dude loves fluffy butt cheeks, Kaep, Mayweather and BLM", "text_html": "<p class=\"TweetTextSize js-tweet-text tweet-text\" data-aria-label-part=\"0\" lang=\"en\">But sone is son real...dude loves fluffy butt cheeks, <strong>Kaep</strong>, Mayweather <strong>and</strong> <strong>BLM</strong></p>", "timestamp": "2017-08-31T02:57:47", "timestamp_epochs": 1504148267, "tweet_id": "903089405811937280", "tweet_url": "/CheeButter/status/903089405811937280", "user_id": "191578187", "username": "Mardochee Pierre", "video_url": ""}, {"has_media": false, "hashtags": [], "img_urls": [], "is_replied": false, "is_reply_to": true, "likes": 0, "links": [], "parent_tweet_id": "902930154707599361", "replies": 0, "reply_to_users": [{"screen_name": "Tjtripn", "user_id": "470462488"}, {"screen_name": "richhomiechapo", "user_id": "1557206179"}], "retweets": 0, "screen_name": "DustM_D", "text": "But u don't just like kaep, blm celebrities, cause only thing that is going to stop the violence is the community and law and order", "text_html": "<p class=\"TweetTextSize js-tweet-text tweet-text\" data-aria-label-part=\"0\" lang=\"en\">But u don't just like <strong>kaep</strong>, <strong>blm</strong> celebrities, cause only thing that is going to stop the violence is the community <strong>and</strong> law <strong>and</strong> order</p>", "timestamp": "2017-08-31T20:24:51", "timestamp_epochs": 1504211091, "tweet_id": "903352907239534592", "tweet_url": "/DustM_D/status/903352907239534592", "user_id": "900421480978063360", "username": "Dust D", "video_url": ""}, {"has_media": false, "hashtags": [], "img_urls": [], "is_replied": false, "is_reply_to": true, "likes": 1, "links": [], "parent_tweet_id": "902930154707599361", "replies": 0, "reply_to_users": [{"screen_name": "cudell59", "user_id": "2710960381"}, {"screen_name": "richhomiechapo", "user_id": "1557206179"}], "retweets": 0, "screen_name": "DustM_D", "text": "Ha, after supporting kaep unamerican activities I sure won't ever be watching him again, BLM CALLS FOR WHITE CONFISCATION AND GENOCIDE", "text_html": "<p class=\"TweetTextSize js-tweet-text tweet-text\" data-aria-label-part=\"0\" lang=\"en\">Ha, after supporting <strong>kaep</strong> unamerican activities I sure won't ever be watching him again, <strong>BLM</strong> CALLS FOR WHITE CONFISCATION <strong>AND</strong> GENOCIDE</p>", "timestamp": "2017-08-31T20:09:20", "timestamp_epochs": 1504210160, "tweet_id": "903349004636786688", "tweet_url": "/DustM_D/status/903349004636786688", "user_id": "900421480978063360", "username": "Dust D", "video_url": ""}, {"has_media": false, "hashtags": [], "img_urls": [], "is_replied": false, "is_reply_to": true, "likes": 0, "links": [], "parent_tweet_id": "903077866581237760", "replies": 0, "reply_to_users": [{"screen_name": "dmai21", "user_id": "18263203"}], "retweets": 0, "screen_name": "CheeButter", "text": "But sone is son real...dude loves fluffy butt cheeks, Kaep, Mayweather and BLM", "text_html": "<p class=\"TweetTextSize js-tweet-text tweet-text\" data-aria-label-part=\"0\" lang=\"en\">But sone is son real...dude loves fluffy butt cheeks, <strong>Kaep</strong>, Mayweather <strong>and</strong> <strong>BLM</strong></p>", "timestamp": "2017-08-31T02:57:47", "timestamp_epochs": 1504148267, "tweet_id": "903089405811937280", "tweet_url": "/CheeButter/status/903089405811937280", "user_id": "191578187", "username": "Mardochee Pierre", "video_url": ""}, {"has_media": false, "hashtags": ["kaep7", "blm"], "img_urls": [], "is_replied": false, "is_reply_to": false, "likes": 0, "links": ["https://twitter.com/Kaepernick7/status/900555995319070720"], "parent_tweet_id": "", "replies": 0, "reply_to_users": [], "retweets": 0, "screen_name": "LooseChange1023", "text": "And this is why my boy aint playing cuz ya wanna pay the prez off and then when he says he dont like kaep nfl owners get scared. #kaep7 #blm https://twitter.com/Kaepernick7/status/900555995319070720\u00a0\u2026", "text_html": "<p class=\"TweetTextSize js-tweet-text tweet-text\" data-aria-label-part=\"4\" lang=\"en\"><strong>And</strong> this is why my boy aint playing cuz ya wanna pay the prez off <strong>and</strong> then when he says he dont like <strong>kaep</strong> nfl owners get scared. <a class=\"twitter-hashtag pretty-link js-nav\" data-query-source=\"hashtag_click\" dir=\"ltr\" href=\"/hashtag/kaep7?src=hash\"><s>#</s><b>kaep7</b></a> <a class=\"twitter-hashtag pretty-link js-nav\" data-query-source=\"hashtag_click\" dir=\"ltr\" href=\"/hashtag/blm?src=hash\"><s>#</s><b><strong>blm</strong></b></a> <a class=\"twitter-timeline-link u-hidden\" data-expanded-url=\"https://twitter.com/Kaepernick7/status/900555995319070720\" dir=\"ltr\" href=\"https://t.co/TrWm91vWfN\" rel=\"nofollow noopener\" target=\"_blank\" title=\"https://twitter.com/Kaepernick7/status/900555995319070720\"><span class=\"tco-ellipsis\"></span><span class=\"invisible\">https://</span><span class=\"js-display-url\">twitter.com/Kaepernick7/st</span><span class=\"invisible\">atus/900555995319070720</span><span class=\"tco-ellipsis\"><span class=\"invisible\">\u00a0</span>\u2026</span></a></p>", "timestamp": "2017-09-08T20:37:04", "timestamp_epochs": 1504903024, "tweet_id": "906255084761354240", "tweet_url": "/LooseChange1023/status/906255084761354240", "user_id": "599083342", "username": "loose change no dollaz", "video_url": ""}, {"has_media": false, "hashtags": ["kaep7", "blm"], "img_urls": [], "is_replied": false, "is_reply_to": false, "likes": 0, "links": ["https://twitter.com/Kaepernick7/status/900555995319070720"], "parent_tweet_id": "", "replies": 0, "reply_to_users": [], "retweets": 0, "screen_name": "LooseChange1023", "text": "And this is why my boy aint playing cuz ya wanna pay the prez off and then when he says he dont like kaep nfl owners get scared. #kaep7 #blm https://twitter.com/Kaepernick7/status/900555995319070720\u00a0\u2026", "text_html": "<p class=\"TweetTextSize js-tweet-text tweet-text\" data-aria-label-part=\"4\" lang=\"en\"><strong>And</strong> this is why my boy aint playing cuz ya wanna pay the prez off <strong>and</strong> then when he says he dont like <strong>kaep</strong> nfl owners get scared. <a class=\"twitter-hashtag pretty-link js-nav\" data-query-source=\"hashtag_click\" dir=\"ltr\" href=\"/hashtag/kaep7?src=hash\"><s>#</s><b>kaep7</b></a> <a class=\"twitter-hashtag pretty-link js-nav\" data-query-source=\"hashtag_click\" dir=\"ltr\" href=\"/hashtag/blm?src=hash\"><s>#</s><b><strong>blm</strong></b></a> <a class=\"twitter-timeline-link u-hidden\" data-expanded-url=\"https://twitter.com/Kaepernick7/status/900555995319070720\" dir=\"ltr\" href=\"https://t.co/TrWm91vWfN\" rel=\"nofollow noopener\" target=\"_blank\" title=\"https://twitter.com/Kaepernick7/status/900555995319070720\"><span class=\"tco-ellipsis\"></span><span class=\"invisible\">https://</span><span class=\"js-display-url\">twitter.com/Kaepernick7/st</span><span class=\"invisible\">atus/900555995319070720</span><span class=\"tco-ellipsis\"><span class=\"invisible\">\u00a0</span>\u2026</span></a></p>", "timestamp": "2017-09-08T20:37:04", "timestamp_epochs": 1504903024, "tweet_id": "906255084761354240", "tweet_url": "/LooseChange1023/status/906255084761354240", "user_id": "599083342", "username": "loose change no dollaz", "video_url": ""}, {"has_media": false, "hashtags": [], "img_urls": [], "is_replied": false, "is_reply_to": false, "likes": 3, "links": [], "parent_tweet_id": "", "replies": 0, "reply_to_users": [], "retweets": 0, "screen_name": "laurennsierraa", "text": "small part of me wishes jason whitlock would have a police encounter like the ones that Kaep and BLM are protesting, but i know that's wrong", "text_html": "<p class=\"TweetTextSize js-tweet-text tweet-text\" data-aria-label-part=\"0\" lang=\"en\">small part of me wishes jason whitlock would have a police encounter like the ones that <strong>Kaep</strong> <strong>and</strong> <strong>BLM</strong> are protesting, but i know that's wrong</p>", "timestamp": "2017-09-06T03:10:35", "timestamp_epochs": 1504667435, "tweet_id": "905266955271245824", "tweet_url": "/laurennsierraa/status/905266955271245824", "user_id": "635650126", "username": "L.", "video_url": ""}, {"has_media": false, "hashtags": [], "img_urls": [], "is_replied": false, "is_reply_to": false, "likes": 3, "links": [], "parent_tweet_id": "", "replies": 0, "reply_to_users": [], "retweets": 0, "screen_name": "laurennsierraa", "text": "small part of me wishes jason whitlock would have a police encounter like the ones that Kaep and BLM are protesting, but i know that's wrong", "text_html": "<p class=\"TweetTextSize js-tweet-text tweet-text\" data-aria-label-part=\"0\" lang=\"en\">small part of me wishes jason whitlock would have a police encounter like the ones that <strong>Kaep</strong> <strong>and</strong> <strong>BLM</strong> are protesting, but i know that's wrong</p>", "timestamp": "2017-09-06T03:10:35", "timestamp_epochs": 1504667435, "tweet_id": "905266955271245824", "tweet_url": "/laurennsierraa/status/905266955271245824", "user_id": "635650126", "username": "L.", "video_url": ""}, {"has_media": false, "hashtags": ["BLM", "NFL"], "img_urls": [], "is_replied": true, "is_reply_to": true, "likes": 0, "links": ["https://www.odmp.org/search/incident/september-11-terrorist-attack"], "parent_tweet_id": "904809038474428416", "replies": 1, "reply_to_users": [{"screen_name": "taygogoinactive", "user_id": "20295264"}, {"screen_name": "taygogo", "user_id": "1075242139150278657"}, {"screen_name": "Kaepernick7", "user_id": "45055696"}], "retweets": 0, "screen_name": "John3_and_16", "text": "Hey Kaep look at all the racists!  Keep kneel'n you NFL players. Many more of us not watching #BLM oops #NFL in 2017\nhttps://www.odmp.org/search/incident/september-11-terrorist-attack\u00a0\u2026", "text_html": "<p class=\"TweetTextSize js-tweet-text tweet-text\" data-aria-label-part=\"0\" lang=\"en\">Hey <strong>Kaep</strong> look at all the racists!  Keep kneel'n you NFL players. Many more of us not watching <a class=\"twitter-hashtag pretty-link js-nav\" data-query-source=\"hashtag_click\" dir=\"ltr\" href=\"/hashtag/BLM?src=hash\"><s>#</s><b><strong>BLM</strong></b></a> oops <a class=\"twitter-hashtag pretty-link js-nav\" data-query-source=\"hashtag_click\" dir=\"ltr\" href=\"/hashtag/NFL?src=hash\"><s>#</s><b>NFL</b></a> in 2017\n<a class=\"twitter-timeline-link\" data-expanded-url=\"https://www.odmp.org/search/incident/september-11-terrorist-attack\" dir=\"ltr\" href=\"https://t.co/h6onezB9GD\" rel=\"nofollow noopener\" target=\"_blank\" title=\"https://www.odmp.org/search/incident/september-11-terrorist-attack\"><span class=\"tco-ellipsis\"></span><span class=\"invisible\">https://www.</span><span class=\"js-display-url\">odmp.org/search/inciden</span><span class=\"invisible\">t/september-11-terrorist-attack</span><span class=\"tco-ellipsis\"><span class=\"invisible\">\u00a0</span>\u2026</span></a></p>", "timestamp": "2017-09-05T12:40:52", "timestamp_epochs": 1504615252, "tweet_id": "905048081917497345", "tweet_url": "/John3_and_16/status/905048081917497345", "user_id": "2836861970", "username": "J. Chillin", "video_url": ""}, {"has_media": false, "hashtags": ["BLM", "NFL"], "img_urls": [], "is_replied": false, "is_reply_to": true, "likes": 0, "links": ["https://www.odmp.org/search/incident/september-11-terrorist-attack"], "parent_tweet_id": "904506374389891074", "replies": 0, "reply_to_users": [{"screen_name": "Rubysayzz", "user_id": "486205523"}], "retweets": 0, "screen_name": "John3_and_16", "text": "Hey Kaep look at all the racists!  Keep kneel'n you NFL players. Many more of us not watching #BLM oops #NFL in 2017\nhttps://www.odmp.org/search/incident/september-11-terrorist-attack\u00a0\u2026", "text_html": "<p class=\"TweetTextSize js-tweet-text tweet-text\" data-aria-label-part=\"0\" lang=\"en\">Hey <strong>Kaep</strong> look at all the racists!  Keep kneel'n you NFL players. Many more of us not watching <a class=\"twitter-hashtag pretty-link js-nav\" data-query-source=\"hashtag_click\" dir=\"ltr\" href=\"/hashtag/BLM?src=hash\"><s>#</s><b><strong>BLM</strong></b></a> oops <a class=\"twitter-hashtag pretty-link js-nav\" data-query-source=\"hashtag_click\" dir=\"ltr\" href=\"/hashtag/NFL?src=hash\"><s>#</s><b>NFL</b></a> in 2017\n<a class=\"twitter-timeline-link\" data-expanded-url=\"https://www.odmp.org/search/incident/september-11-terrorist-attack\" dir=\"ltr\" href=\"https://t.co/h6onezB9GD\" rel=\"nofollow noopener\" target=\"_blank\" title=\"https://www.odmp.org/search/incident/september-11-terrorist-attack\"><span class=\"tco-ellipsis\"></span><span class=\"invisible\">https://www.</span><span class=\"js-display-url\">odmp.org/search/inciden</span><span class=\"invisible\">t/september-11-terrorist-attack</span><span class=\"tco-ellipsis\"><span class=\"invisible\">\u00a0</span>\u2026</span></a></p>", "timestamp": "2017-09-05T12:37:59", "timestamp_epochs": 1504615079, "tweet_id": "905047356038664196", "tweet_url": "/John3_and_16/status/905047356038664196", "user_id": "2836861970", "username": "J. Chillin", "video_url": ""}, {"has_media": false, "hashtags": ["BLM", "NFL"], "img_urls": [], "is_replied": true, "is_reply_to": true, "likes": 0, "links": ["https://www.odmp.org/search/incident/september-11-terrorist-attack"], "parent_tweet_id": "904809038474428416", "replies": 1, "reply_to_users": [{"screen_name": "taygogoinactive", "user_id": "20295264"}, {"screen_name": "taygogo", "user_id": "1075242139150278657"}, {"screen_name": "Kaepernick7", "user_id": "45055696"}], "retweets": 0, "screen_name": "John3_and_16", "text": "Hey Kaep look at all the racists!  Keep kneel'n you NFL players. Many more of us not watching #BLM oops #NFL in 2017\nhttps://www.odmp.org/search/incident/september-11-terrorist-attack\u00a0\u2026", "text_html": "<p class=\"TweetTextSize js-tweet-text tweet-text\" data-aria-label-part=\"0\" lang=\"en\">Hey <strong>Kaep</strong> look at all the racists!  Keep kneel'n you NFL players. Many more of us not watching <a class=\"twitter-hashtag pretty-link js-nav\" data-query-source=\"hashtag_click\" dir=\"ltr\" href=\"/hashtag/BLM?src=hash\"><s>#</s><b><strong>BLM</strong></b></a> oops <a class=\"twitter-hashtag pretty-link js-nav\" data-query-source=\"hashtag_click\" dir=\"ltr\" href=\"/hashtag/NFL?src=hash\"><s>#</s><b>NFL</b></a> in 2017\n<a class=\"twitter-timeline-link\" data-expanded-url=\"https://www.odmp.org/search/incident/september-11-terrorist-attack\" dir=\"ltr\" href=\"https://t.co/h6onezB9GD\" rel=\"nofollow noopener\" target=\"_blank\" title=\"https://www.odmp.org/search/incident/september-11-terrorist-attack\"><span class=\"tco-ellipsis\"></span><span class=\"invisible\">https://www.</span><span class=\"js-display-url\">odmp.org/search/inciden</span><span class=\"invisible\">t/september-11-terrorist-attack</span><span class=\"tco-ellipsis\"><span class=\"invisible\">\u00a0</span>\u2026</span></a></p>", "timestamp": "2017-09-05T12:40:52", "timestamp_epochs": 1504615252, "tweet_id": "905048081917497345", "tweet_url": "/John3_and_16/status/905048081917497345", "user_id": "2836861970", "username": "J. Chillin", "video_url": ""}, {"has_media": false, "hashtags": ["BLM", "NFL"], "img_urls": [], "is_replied": false, "is_reply_to": true, "likes": 0, "links": ["https://www.odmp.org/search/incident/september-11-terrorist-attack"], "parent_tweet_id": "904506374389891074", "replies": 0, "reply_to_users": [{"screen_name": "Rubysayzz", "user_id": "486205523"}], "retweets": 0, "screen_name": "John3_and_16", "text": "Hey Kaep look at all the racists!  Keep kneel'n you NFL players. Many more of us not watching #BLM oops #NFL in 2017\nhttps://www.odmp.org/search/incident/september-11-terrorist-attack\u00a0\u2026", "text_html": "<p class=\"TweetTextSize js-tweet-text tweet-text\" data-aria-label-part=\"0\" lang=\"en\">Hey <strong>Kaep</strong> look at all the racists!  Keep kneel'n you NFL players. Many more of us not watching <a class=\"twitter-hashtag pretty-link js-nav\" data-query-source=\"hashtag_click\" dir=\"ltr\" href=\"/hashtag/BLM?src=hash\"><s>#</s><b><strong>BLM</strong></b></a> oops <a class=\"twitter-hashtag pretty-link js-nav\" data-query-source=\"hashtag_click\" dir=\"ltr\" href=\"/hashtag/NFL?src=hash\"><s>#</s><b>NFL</b></a> in 2017\n<a class=\"twitter-timeline-link\" data-expanded-url=\"https://www.odmp.org/search/incident/september-11-terrorist-attack\" dir=\"ltr\" href=\"https://t.co/h6onezB9GD\" rel=\"nofollow noopener\" target=\"_blank\" title=\"https://www.odmp.org/search/incident/september-11-terrorist-attack\"><span class=\"tco-ellipsis\"></span><span class=\"invisible\">https://www.</span><span class=\"js-display-url\">odmp.org/search/inciden</span><span class=\"invisible\">t/september-11-terrorist-attack</span><span class=\"tco-ellipsis\"><span class=\"invisible\">\u00a0</span>\u2026</span></a></p>", "timestamp": "2017-09-05T12:37:59", "timestamp_epochs": 1504615079, "tweet_id": "905047356038664196", "tweet_url": "/John3_and_16/status/905047356038664196", "user_id": "2836861970", "username": "J. Chillin", "video_url": ""}]