[{"has_media": false, "hashtags": [], "img_urls": [], "is_replied": true, "is_reply_to": true, "likes": 0, "links": [], "parent_tweet_id": "892722027580280832", "replies": 2, "reply_to_users": [{"screen_name": "johndpizzaman", "user_id": "714146188677816320"}, {"screen_name": "DAColdriver", "user_id": "87562484"}], "retweets": 0, "screen_name": "rkeyjr019", "text": "Also, vaginas are strong. A large baby is pushed out of one and it survives. A man's testicles get flicked and it disables the person.", "text_html": "<p class=\"TweetTextSize js-tweet-text tweet-text\" data-aria-label-part=\"0\" lang=\"en\">Also, vaginas are strong. A large baby is pushed out of one <strong>and</strong> it survives. A man's testicles get flicked <strong>and</strong> it disables the person.</p>", "timestamp": "2017-09-09T23:01:54", "timestamp_epochs": 1504998114, "tweet_id": "906653923095785473", "tweet_url": "/rkeyjr019/status/906653923095785473", "user_id": "129856972", "username": "Bobby K", "video_url": ""}, {"has_media": false, "hashtags": [], "img_urls": [], "is_replied": false, "is_reply_to": true, "likes": 0, "links": [], "parent_tweet_id": "892722027580280832", "replies": 0, "reply_to_users": [{"screen_name": "johndpizzaman", "user_id": "714146188677816320"}, {"screen_name": "DAColdriver", "user_id": "87562484"}], "retweets": 0, "screen_name": "rkeyjr019", "text": "What is with you people and the president talking about vaginas?", "text_html": "<p class=\"TweetTextSize js-tweet-text tweet-text\" data-aria-label-part=\"0\" lang=\"en\">What is with you people <strong>and</strong> the president talking about vaginas?</p>", "timestamp": "2017-09-09T23:00:25", "timestamp_epochs": 1504998025, "tweet_id": "906653547542056961", "tweet_url": "/rkeyjr019/status/906653547542056961", "user_id": "129856972", "username": "Bobby K", "video_url": ""}, {"has_media": false, "hashtags": [], "img_urls": [], "is_replied": true, "is_reply_to": true, "likes": 5, "links": [], "parent_tweet_id": "892722027580280832", "replies": 1, "reply_to_users": [{"screen_name": "johndpizzaman", "user_id": "714146188677816320"}, {"screen_name": "Burt_MO", "user_id": "438663642"}], "retweets": 1, "screen_name": "DeeShelbyWalde1", "text": "Our men & women of our military have bled & died for our freedom and our flag ! Not one of them regarded each other as a race.their soldiers", "text_html": "<p class=\"TweetTextSize js-tweet-text tweet-text\" data-aria-label-part=\"0\" lang=\"en\">Our men &amp; women of our military have bled &amp; died for our freedom <strong>and</strong> our flag ! Not one of them regarded each other as a race.their soldiers</p>", "timestamp": "2017-09-09T22:53:06", "timestamp_epochs": 1504997586, "tweet_id": "906651708746432512", "tweet_url": "/DeeShelbyWalde1/status/906651708746432512", "user_id": "858219012714409984", "username": "Momma Walden\ud83c\uddfa\ud83c\uddf8\ud83d\udcaf", "video_url": ""}, {"has_media": false, "hashtags": ["HurricaneHarvey"], "img_urls": [], "is_replied": true, "is_reply_to": true, "likes": 3, "links": [], "parent_tweet_id": "892722027580280832", "replies": 1, "reply_to_users": [{"screen_name": "rkeyjr019", "user_id": "129856972"}, {"screen_name": "DAColdriver", "user_id": "87562484"}], "retweets": 0, "screen_name": "Burt_MO", "text": "Especially Thursday night and the honoring of 1at Responders helping with #HurricaneHarvey. No room for hate in KC", "text_html": "<p class=\"TweetTextSize js-tweet-text tweet-text\" data-aria-label-part=\"0\" lang=\"en\">Especially Thursday night <strong>and</strong> the honoring of 1at Responders helping with <a class=\"twitter-hashtag pretty-link js-nav\" data-query-source=\"hashtag_click\" dir=\"ltr\" href=\"/hashtag/HurricaneHarvey?src=hash\"><s>#</s><b>HurricaneHarvey</b></a>. No room for hate in KC</p>", "timestamp": "2017-09-09T22:50:37", "timestamp_epochs": 1504997437, "tweet_id": "906651083002531840", "tweet_url": "/Burt_MO/status/906651083002531840", "user_id": "438663642", "username": "Mark B\ud83d\udc99\ud83c\uddfa\ud83c\uddf8\u2764\ufe0f", "video_url": ""}, {"has_media": false, "hashtags": [], "img_urls": [], "is_replied": false, "is_reply_to": true, "likes": 3, "links": [], "parent_tweet_id": "892722027580280832", "replies": 0, "reply_to_users": [{"screen_name": "rkeyjr019", "user_id": "129856972"}, {"screen_name": "johndpizzaman", "user_id": "714146188677816320"}], "retweets": 0, "screen_name": "Burt_MO", "text": "He can do this on his own dime and time, and not to a national audience, a Role Model, he lacks, but a good player", "text_html": "<p class=\"TweetTextSize js-tweet-text tweet-text\" data-aria-label-part=\"0\" lang=\"en\">He can do this on his own dime <strong>and</strong> time, <strong>and</strong> not to a national audience, a Role Model, he lacks, but a good player</p>", "timestamp": "2017-09-09T22:23:52", "timestamp_epochs": 1504995832, "tweet_id": "906644349592772608", "tweet_url": "/Burt_MO/status/906644349592772608", "user_id": "438663642", "username": "Mark B\ud83d\udc99\ud83c\uddfa\ud83c\uddf8\u2764\ufe0f", "video_url": ""}, {"has_media": false, "hashtags": [], "img_urls": [], "is_replied": true, "is_reply_to": true, "likes": 0, "links": [], "parent_tweet_id": "892722027580280832", "replies": 2, "reply_to_users": [{"screen_name": "johndpizzaman", "user_id": "714146188677816320"}, {"screen_name": "DAColdriver", "user_id": "87562484"}], "retweets": 0, "screen_name": "rkeyjr019", "text": "Also, vaginas are strong. A large baby is pushed out of one and it survives. A man's testicles get flicked and it disables the person.", "text_html": "<p class=\"TweetTextSize js-tweet-text tweet-text\" data-aria-label-part=\"0\" lang=\"en\">Also, vaginas are strong. A large baby is pushed out of one <strong>and</strong> it survives. A man's testicles get flicked <strong>and</strong> it disables the person.</p>", "timestamp": "2017-09-09T23:01:54", "timestamp_epochs": 1504998114, "tweet_id": "906653923095785473", "tweet_url": "/rkeyjr019/status/906653923095785473", "user_id": "129856972", "username": "Bobby K", "video_url": ""}, {"has_media": false, "hashtags": [], "img_urls": [], "is_replied": false, "is_reply_to": true, "likes": 0, "links": [], "parent_tweet_id": "892722027580280832", "replies": 0, "reply_to_users": [{"screen_name": "johndpizzaman", "user_id": "714146188677816320"}, {"screen_name": "DAColdriver", "user_id": "87562484"}], "retweets": 0, "screen_name": "rkeyjr019", "text": "What is with you people and the president talking about vaginas?", "text_html": "<p class=\"TweetTextSize js-tweet-text tweet-text\" data-aria-label-part=\"0\" lang=\"en\">What is with you people <strong>and</strong> the president talking about vaginas?</p>", "timestamp": "2017-09-09T23:00:25", "timestamp_epochs": 1504998025, "tweet_id": "906653547542056961", "tweet_url": "/rkeyjr019/status/906653547542056961", "user_id": "129856972", "username": "Bobby K", "video_url": ""}, {"has_media": false, "hashtags": [], "img_urls": [], "is_replied": true, "is_reply_to": true, "likes": 5, "links": [], "parent_tweet_id": "892722027580280832", "replies": 1, "reply_to_users": [{"screen_name": "johndpizzaman", "user_id": "714146188677816320"}, {"screen_name": "Burt_MO", "user_id": "438663642"}], "retweets": 1, "screen_name": "DeeShelbyWalde1", "text": "Our men & women of our military have bled & died for our freedom and our flag ! Not one of them regarded each other as a race.their soldiers", "text_html": "<p class=\"TweetTextSize js-tweet-text tweet-text\" data-aria-label-part=\"0\" lang=\"en\">Our men &amp; women of our military have bled &amp; died for our freedom <strong>and</strong> our flag ! Not one of them regarded each other as a race.their soldiers</p>", "timestamp": "2017-09-09T22:53:06", "timestamp_epochs": 1504997586, "tweet_id": "906651708746432512", "tweet_url": "/DeeShelbyWalde1/status/906651708746432512", "user_id": "858219012714409984", "username": "Momma Walden\ud83c\uddfa\ud83c\uddf8\ud83d\udcaf", "video_url": ""}, {"has_media": false, "hashtags": ["HurricaneHarvey"], "img_urls": [], "is_replied": true, "is_reply_to": true, "likes": 3, "links": [], "parent_tweet_id": "892722027580280832", "replies": 1, "reply_to_users": [{"screen_name": "rkeyjr019", "user_id": "129856972"}, {"screen_name": "DAColdriver", "user_id": "87562484"}], "retweets": 0, "screen_name": "Burt_MO", "text": "Especially Thursday night and the honoring of 1at Responders helping with #HurricaneHarvey. No room for hate in KC", "text_html": "<p class=\"TweetTextSize js-tweet-text tweet-text\" data-aria-label-part=\"0\" lang=\"en\">Especially Thursday night <strong>and</strong> the honoring of 1at Responders helping with <a class=\"twitter-hashtag pretty-link js-nav\" data-query-source=\"hashtag_click\" dir=\"ltr\" href=\"/hashtag/HurricaneHarvey?src=hash\"><s>#</s><b>HurricaneHarvey</b></a>. No room for hate in KC</p>", "timestamp": "2017-09-09T22:50:37", "timestamp_epochs": 1504997437, "tweet_id": "906651083002531840", "tweet_url": "/Burt_MO/status/906651083002531840", "user_id": "438663642", "username": "Mark B\ud83d\udc99\ud83c\uddfa\ud83c\uddf8\u2764\ufe0f", "video_url": ""}, {"has_media": false, "hashtags": [], "img_urls": [], "is_replied": false, "is_reply_to": true, "likes": 3, "links": [], "parent_tweet_id": "892722027580280832", "replies": 0, "reply_to_users": [{"screen_name": "rkeyjr019", "user_id": "129856972"}, {"screen_name": "johndpizzaman", "user_id": "714146188677816320"}], "retweets": 0, "screen_name": "Burt_MO", "text": "He can do this on his own dime and time, and not to a national audience, a Role Model, he lacks, but a good player", "text_html": "<p class=\"TweetTextSize js-tweet-text tweet-text\" data-aria-label-part=\"0\" lang=\"en\">He can do this on his own dime <strong>and</strong> time, <strong>and</strong> not to a national audience, a Role Model, he lacks, but a good player</p>", "timestamp": "2017-09-09T22:23:52", "timestamp_epochs": 1504995832, "tweet_id": "906644349592772608", "tweet_url": "/Burt_MO/status/906644349592772608", "user_id": "438663642", "username": "Mark B\ud83d\udc99\ud83c\uddfa\ud83c\uddf8\u2764\ufe0f", "video_url": ""}]