[{"has_media": false, "hashtags": [], "img_urls": [], "is_replied": true, "is_reply_to": false, "likes": 1, "links": ["http://ift.tt/2o5Dh7b"], "parent_tweet_id": "", "replies": 1, "reply_to_users": [], "retweets": 1, "screen_name": "edeckers", "text": "Kendall Jenner and Pepsi: Live, For Now http://ift.tt/2o5Dh7b\u00a0", "text_html": "<p class=\"TweetTextSize js-tweet-text tweet-text\" data-aria-label-part=\"0\" lang=\"en\"><strong>Kendall</strong> <strong>Jenner</strong> <strong>and</strong> Pepsi: <strong>Live, For Now</strong> <a class=\"twitter-timeline-link\" data-expanded-url=\"http://ift.tt/2o5Dh7b\" dir=\"ltr\" href=\"https://t.co/6W6b4PMwUV\" rel=\"nofollow noopener\" target=\"_blank\" title=\"http://ift.tt/2o5Dh7b\"><span class=\"tco-ellipsis\"></span><span class=\"invisible\">http://</span><span class=\"js-display-url\">ift.tt/2o5Dh7b</span><span class=\"invisible\"></span><span class=\"tco-ellipsis\"><span class=\"invisible\">\u00a0</span></span></a></p>", "timestamp": "2017-04-07T14:25:36", "timestamp_epochs": 1491575136, "tweet_id": "850353870224203776", "tweet_url": "/edeckers/status/850353870224203776", "user_id": "11417322", "username": "Erik Deckers", "video_url": ""}, {"has_media": false, "hashtags": [], "img_urls": [], "is_replied": true, "is_reply_to": false, "likes": 1, "links": ["http://ift.tt/2o5Dh7b"], "parent_tweet_id": "", "replies": 1, "reply_to_users": [], "retweets": 1, "screen_name": "edeckers", "text": "Kendall Jenner and Pepsi: Live, For Now http://ift.tt/2o5Dh7b\u00a0", "text_html": "<p class=\"TweetTextSize js-tweet-text tweet-text\" data-aria-label-part=\"0\" lang=\"en\"><strong>Kendall</strong> <strong>Jenner</strong> <strong>and</strong> Pepsi: <strong>Live, For Now</strong> <a class=\"twitter-timeline-link\" data-expanded-url=\"http://ift.tt/2o5Dh7b\" dir=\"ltr\" href=\"https://t.co/6W6b4PMwUV\" rel=\"nofollow noopener\" target=\"_blank\" title=\"http://ift.tt/2o5Dh7b\"><span class=\"tco-ellipsis\"></span><span class=\"invisible\">http://</span><span class=\"js-display-url\">ift.tt/2o5Dh7b</span><span class=\"invisible\"></span><span class=\"tco-ellipsis\"><span class=\"invisible\">\u00a0</span></span></a></p>", "timestamp": "2017-04-07T14:25:36", "timestamp_epochs": 1491575136, "tweet_id": "850353870224203776", "tweet_url": "/edeckers/status/850353870224203776", "user_id": "11417322", "username": "Erik Deckers", "video_url": ""}, {"has_media": true, "hashtags": ["altpepsipic"], "img_urls": ["https://pbs.twimg.com/media/C8uuvrGWsAQOVAT.jpg"], "is_replied": false, "is_reply_to": false, "likes": 1, "links": [], "parent_tweet_id": "", "replies": 0, "reply_to_users": [], "retweets": 1, "screen_name": "AltHistoryToday", "text": "2017: \"Live for Now\" campaign ends after Pepsi and Kendall Jenner end racism, xenophobia; community policing new currency of realm #altpepsipic.twitter.com/hKeWuS6qKL", "text_html": "<p class=\"TweetTextSize js-tweet-text tweet-text\" data-aria-label-part=\"0\" lang=\"en\">2017: \"<strong>Live for Now</strong>\" campaign ends after Pepsi <strong>and</strong> <strong>Kendall</strong> <strong>Jenner</strong> end racism, xenophobia; community policing new currency of realm <a class=\"twitter-hashtag pretty-link js-nav\" data-query-source=\"hashtag_click\" dir=\"ltr\" href=\"/hashtag/altpepsi?src=hash\"><s>#</s><b>altpepsi</b></a><a class=\"twitter-timeline-link u-hidden\" data-pre-embedded=\"true\" dir=\"ltr\" href=\"https://t.co/hKeWuS6qKL\">pic.twitter.com/hKeWuS6qKL</a></p>", "timestamp": "2017-04-06T12:40:44", "timestamp_epochs": 1491482444, "tweet_id": "849965093639081985", "tweet_url": "/AltHistoryToday/status/849965093639081985", "user_id": "833833166058160128", "username": "Alt History Today, Tomorrow, Forever", "video_url": ""}, {"has_media": false, "hashtags": ["PEPSI", "SodaIsTerrible", "LSSC", "KendallJenner"], "img_urls": [], "is_replied": false, "is_reply_to": false, "likes": 2, "links": [], "parent_tweet_id": "", "replies": 0, "reply_to_users": [], "retweets": 0, "screen_name": "alambster", "text": "Yes we can of #PEPSI! Live for now and die of type 2 diabetes later. #SodaIsTerrible #LSSC #KendallJenner", "text_html": "<p class=\"TweetTextSize js-tweet-text tweet-text\" data-aria-label-part=\"0\" lang=\"en\">Yes we can of <a class=\"twitter-hashtag pretty-link js-nav\" data-query-source=\"hashtag_click\" dir=\"ltr\" href=\"/hashtag/PEPSI?src=hash\"><s>#</s><b>PEPSI</b></a>! <strong>Live for now</strong> <strong>and</strong> die of type 2 diabetes later. <a class=\"twitter-hashtag pretty-link js-nav\" data-query-source=\"hashtag_click\" dir=\"ltr\" href=\"/hashtag/SodaIsTerrible?src=hash\"><s>#</s><b>SodaIsTerrible</b></a> <a class=\"twitter-hashtag pretty-link js-nav\" data-query-source=\"hashtag_click\" dir=\"ltr\" href=\"/hashtag/LSSC?src=hash\"><s>#</s><b>LSSC</b></a> <a class=\"twitter-hashtag pretty-link js-nav\" data-query-source=\"hashtag_click\" dir=\"ltr\" href=\"/hashtag/KendallJenner?src=hash\"><s>#</s><b><strong>KendallJenner</strong></b></a></p>", "timestamp": "2017-04-06T11:49:58", "timestamp_epochs": 1491479398, "tweet_id": "849952317428441088", "tweet_url": "/alambster/status/849952317428441088", "user_id": "175175633", "username": "lambsquarters", "video_url": ""}, {"has_media": false, "hashtags": [], "img_urls": [], "is_replied": false, "is_reply_to": false, "likes": 0, "links": ["http://indianews23.com/blog/kendall-jenner-is-blonde-and-rebellious-in-pepsis-new-live-for-now-moments-anthem-ad-watch/"], "parent_tweet_id": "", "replies": 0, "reply_to_users": [], "retweets": 0, "screen_name": "indianews23", "text": "Kendall Jenner is Blonde and Rebellious in Pepsi's New 'Live For Now Moments Anthem' Ad - Watch! - http://indianews23.com/blog/kendall-jenner-is-blonde-and-rebellious-in-pepsis-new-live-for-now-moments-anthem-ad-watch/\u00a0\u2026", "text_html": "<p class=\"TweetTextSize js-tweet-text tweet-text\" data-aria-label-part=\"0\" lang=\"en\"><strong>Kendall</strong> <strong>Jenner</strong> is Blonde <strong>and</strong> Rebellious in Pepsi's New '<strong>Live For Now</strong> Moments Anthem' Ad - Watch! - <a class=\"twitter-timeline-link\" data-expanded-url=\"http://indianews23.com/blog/kendall-jenner-is-blonde-and-rebellious-in-pepsis-new-live-for-now-moments-anthem-ad-watch/\" dir=\"ltr\" href=\"https://t.co/m6eQOVC9Zk\" rel=\"nofollow noopener\" target=\"_blank\" title=\"http://indianews23.com/blog/kendall-jenner-is-blonde-and-rebellious-in-pepsis-new-live-for-now-moments-anthem-ad-watch/\"><span class=\"tco-ellipsis\"></span><span class=\"invisible\">http://</span><span class=\"js-display-url\">indianews23.com/blog/kendall-j</span><span class=\"invisible\">enner-is-blonde-and-rebellious-in-pepsis-new-live-for-now-moments-anthem-ad-watch/</span><span class=\"tco-ellipsis\"><span class=\"invisible\">\u00a0</span>\u2026</span></a></p>", "timestamp": "2017-04-06T06:02:44", "timestamp_epochs": 1491458564, "tweet_id": "849864931948343296", "tweet_url": "/indianews23/status/849864931948343296", "user_id": "845368388666974210", "username": "Indianews23", "video_url": ""}, {"has_media": true, "hashtags": ["altpepsipic"], "img_urls": ["https://pbs.twimg.com/media/C8uuvrGWsAQOVAT.jpg"], "is_replied": false, "is_reply_to": false, "likes": 1, "links": [], "parent_tweet_id": "", "replies": 0, "reply_to_users": [], "retweets": 1, "screen_name": "AltHistoryToday", "text": "2017: \"Live for Now\" campaign ends after Pepsi and Kendall Jenner end racism, xenophobia; community policing new currency of realm #altpepsipic.twitter.com/hKeWuS6qKL", "text_html": "<p class=\"TweetTextSize js-tweet-text tweet-text\" data-aria-label-part=\"0\" lang=\"en\">2017: \"<strong>Live for Now</strong>\" campaign ends after Pepsi <strong>and</strong> <strong>Kendall</strong> <strong>Jenner</strong> end racism, xenophobia; community policing new currency of realm <a class=\"twitter-hashtag pretty-link js-nav\" data-query-source=\"hashtag_click\" dir=\"ltr\" href=\"/hashtag/altpepsi?src=hash\"><s>#</s><b>altpepsi</b></a><a class=\"twitter-timeline-link u-hidden\" data-pre-embedded=\"true\" dir=\"ltr\" href=\"https://t.co/hKeWuS6qKL\">pic.twitter.com/hKeWuS6qKL</a></p>", "timestamp": "2017-04-06T12:40:44", "timestamp_epochs": 1491482444, "tweet_id": "849965093639081985", "tweet_url": "/AltHistoryToday/status/849965093639081985", "user_id": "833833166058160128", "username": "Alt History Today, Tomorrow, Forever", "video_url": ""}, {"has_media": false, "hashtags": ["PEPSI", "SodaIsTerrible", "LSSC", "KendallJenner"], "img_urls": [], "is_replied": false, "is_reply_to": false, "likes": 2, "links": [], "parent_tweet_id": "", "replies": 0, "reply_to_users": [], "retweets": 0, "screen_name": "alambster", "text": "Yes we can of #PEPSI! Live for now and die of type 2 diabetes later. #SodaIsTerrible #LSSC #KendallJenner", "text_html": "<p class=\"TweetTextSize js-tweet-text tweet-text\" data-aria-label-part=\"0\" lang=\"en\">Yes we can of <a class=\"twitter-hashtag pretty-link js-nav\" data-query-source=\"hashtag_click\" dir=\"ltr\" href=\"/hashtag/PEPSI?src=hash\"><s>#</s><b>PEPSI</b></a>! <strong>Live for now</strong> <strong>and</strong> die of type 2 diabetes later. <a class=\"twitter-hashtag pretty-link js-nav\" data-query-source=\"hashtag_click\" dir=\"ltr\" href=\"/hashtag/SodaIsTerrible?src=hash\"><s>#</s><b>SodaIsTerrible</b></a> <a class=\"twitter-hashtag pretty-link js-nav\" data-query-source=\"hashtag_click\" dir=\"ltr\" href=\"/hashtag/LSSC?src=hash\"><s>#</s><b>LSSC</b></a> <a class=\"twitter-hashtag pretty-link js-nav\" data-query-source=\"hashtag_click\" dir=\"ltr\" href=\"/hashtag/KendallJenner?src=hash\"><s>#</s><b><strong>KendallJenner</strong></b></a></p>", "timestamp": "2017-04-06T11:49:58", "timestamp_epochs": 1491479398, "tweet_id": "849952317428441088", "tweet_url": "/alambster/status/849952317428441088", "user_id": "175175633", "username": "lambsquarters", "video_url": ""}, {"has_media": false, "hashtags": [], "img_urls": [], "is_replied": false, "is_reply_to": false, "likes": 0, "links": ["http://indianews23.com/blog/kendall-jenner-is-blonde-and-rebellious-in-pepsis-new-live-for-now-moments-anthem-ad-watch/"], "parent_tweet_id": "", "replies": 0, "reply_to_users": [], "retweets": 0, "screen_name": "indianews23", "text": "Kendall Jenner is Blonde and Rebellious in Pepsi's New 'Live For Now Moments Anthem' Ad - Watch! - http://indianews23.com/blog/kendall-jenner-is-blonde-and-rebellious-in-pepsis-new-live-for-now-moments-anthem-ad-watch/\u00a0\u2026", "text_html": "<p class=\"TweetTextSize js-tweet-text tweet-text\" data-aria-label-part=\"0\" lang=\"en\"><strong>Kendall</strong> <strong>Jenner</strong> is Blonde <strong>and</strong> Rebellious in Pepsi's New '<strong>Live For Now</strong> Moments Anthem' Ad - Watch! - <a class=\"twitter-timeline-link\" data-expanded-url=\"http://indianews23.com/blog/kendall-jenner-is-blonde-and-rebellious-in-pepsis-new-live-for-now-moments-anthem-ad-watch/\" dir=\"ltr\" href=\"https://t.co/m6eQOVC9Zk\" rel=\"nofollow noopener\" target=\"_blank\" title=\"http://indianews23.com/blog/kendall-jenner-is-blonde-and-rebellious-in-pepsis-new-live-for-now-moments-anthem-ad-watch/\"><span class=\"tco-ellipsis\"></span><span class=\"invisible\">http://</span><span class=\"js-display-url\">indianews23.com/blog/kendall-j</span><span class=\"invisible\">enner-is-blonde-and-rebellious-in-pepsis-new-live-for-now-moments-anthem-ad-watch/</span><span class=\"tco-ellipsis\"><span class=\"invisible\">\u00a0</span>\u2026</span></a></p>", "timestamp": "2017-04-06T06:02:44", "timestamp_epochs": 1491458564, "tweet_id": "849864931948343296", "tweet_url": "/indianews23/status/849864931948343296", "user_id": "845368388666974210", "username": "Indianews23", "video_url": ""}, {"has_media": false, "hashtags": ["Kendallpepsiad"], "img_urls": [], "is_replied": false, "is_reply_to": false, "likes": 0, "links": [], "parent_tweet_id": "", "replies": 0, "reply_to_users": [], "retweets": 0, "screen_name": "GospelGameShow", "text": "Pepsi pulled the controversial \"Live For Now\" ad starring Kendall Jenner and issued a public apology after online backlash. #Kendallpepsiad", "text_html": "<p class=\"TweetTextSize js-tweet-text tweet-text\" data-aria-label-part=\"0\" lang=\"en\">Pepsi pulled the controversial \"<strong>Live For Now</strong>\" ad starring <strong>Kendall</strong> <strong>Jenner</strong> <strong>and</strong> issued a public apology after online backlash. <a class=\"twitter-hashtag pretty-link js-nav\" data-query-source=\"hashtag_click\" dir=\"ltr\" href=\"/hashtag/Kendallpepsiad?src=hash\"><s>#</s><b>Kendallpepsiad</b></a></p>", "timestamp": "2017-04-05T20:31:14", "timestamp_epochs": 1491424274, "tweet_id": "849721109792473088", "tweet_url": "/GospelGameShow/status/849721109792473088", "user_id": "555701557", "username": "GospelGameShowTV", "video_url": ""}, {"has_media": true, "hashtags": [], "img_urls": ["https://pbs.twimg.com/media/C8qZpWKXUAAhbdX.jpg"], "is_replied": false, "is_reply_to": false, "likes": 1, "links": ["http://fal.cn/uAQJ"], "parent_tweet_id": "", "replies": 0, "reply_to_users": [], "retweets": 2, "screen_name": "TheDrum", "text": "Kendall Jenner and Pepsi face backlash over 'Live For Now Moments' ad http://fal.cn/uAQJ\u00a0pic.twitter.com/vFELeSvQ51", "text_html": "<p class=\"TweetTextSize js-tweet-text tweet-text\" data-aria-label-part=\"0\" lang=\"en\"><strong>Kendall</strong> <strong>Jenner</strong> <strong>and</strong> Pepsi face backlash over '<strong>Live For Now</strong> Moments' ad <a class=\"twitter-timeline-link\" data-expanded-url=\"http://fal.cn/uAQJ\" dir=\"ltr\" href=\"https://t.co/m69D5mJB8k\" rel=\"nofollow noopener\" target=\"_blank\" title=\"http://fal.cn/uAQJ\"><span class=\"tco-ellipsis\"></span><span class=\"invisible\">http://</span><span class=\"js-display-url\">fal.cn/uAQJ</span><span class=\"invisible\"></span><span class=\"tco-ellipsis\"><span class=\"invisible\">\u00a0</span></span></a><a class=\"twitter-timeline-link u-hidden\" data-pre-embedded=\"true\" dir=\"ltr\" href=\"https://t.co/vFELeSvQ51\">pic.twitter.com/vFELeSvQ51</a></p>", "timestamp": "2017-04-05T16:30:04", "timestamp_epochs": 1491409804, "tweet_id": "849660418255671297", "tweet_url": "/TheDrum/status/849660418255671297", "user_id": "20758087", "username": "The Drum", "video_url": ""}, {"has_media": false, "hashtags": [], "img_urls": [], "is_replied": false, "is_reply_to": false, "likes": 0, "links": ["http://fb.me/4tCk0kjd2"], "parent_tweet_id": "", "replies": 0, "reply_to_users": [], "retweets": 0, "screen_name": "dorotvent", "text": "Pepsi \u0093Live For Now Moments Anthem\u0094 starring Kendall Jenner - Watch and Download http://fb.me/4tCk0kjd2\u00a0", "text_html": "<p class=\"TweetTextSize js-tweet-text tweet-text\" data-aria-label-part=\"0\" lang=\"en\">Pepsi \u0093<strong>Live For Now</strong> Moments Anthem\u0094 starring <strong>Kendall</strong> <strong>Jenner</strong> - Watch <strong>and</strong> Download <a class=\"twitter-timeline-link\" data-expanded-url=\"http://fb.me/4tCk0kjd2\" dir=\"ltr\" href=\"https://t.co/ZpifMps9cM\" rel=\"nofollow noopener\" target=\"_blank\" title=\"http://fb.me/4tCk0kjd2\"><span class=\"tco-ellipsis\"></span><span class=\"invisible\">http://</span><span class=\"js-display-url\">fb.me/4tCk0kjd2</span><span class=\"invisible\"></span><span class=\"tco-ellipsis\"><span class=\"invisible\">\u00a0</span></span></a></p>", "timestamp": "2017-04-05T10:57:13", "timestamp_epochs": 1491389833, "tweet_id": "849576654225555456", "tweet_url": "/dorotvent/status/849576654225555456", "user_id": "387243448", "username": "DoroTV Ent.", "video_url": ""}, {"has_media": false, "hashtags": ["ad", "PEPSI", "PepsixKendall"], "img_urls": [], "is_replied": false, "is_reply_to": false, "likes": 2, "links": [], "parent_tweet_id": "", "replies": 0, "reply_to_users": [], "retweets": 0, "screen_name": "justwrite13", "text": "Is the @pepsi and @KendallJenner 'Live for Now Moments Anthem' #ad the most tone-deaf commercial ever created? Maybe! #PEPSI #PepsixKendall", "text_html": "<p class=\"TweetTextSize js-tweet-text tweet-text\" data-aria-label-part=\"0\" lang=\"en\">Is the <a class=\"twitter-atreply pretty-link js-nav\" data-mentioned-user-id=\"18139619\" dir=\"ltr\" href=\"/pepsi\"><s>@</s><b>pepsi</b></a> <strong>and</strong> <a class=\"twitter-atreply pretty-link js-nav\" data-mentioned-user-id=\"157140968\" dir=\"ltr\" href=\"/KendallJenner\"><s>@</s><b><strong>KendallJenner</strong></b></a> '<strong>Live for Now</strong> Moments Anthem' <a class=\"twitter-hashtag pretty-link js-nav\" data-query-source=\"hashtag_click\" dir=\"ltr\" href=\"/hashtag/ad?src=hash\"><s>#</s><b>ad</b></a> the most tone-deaf commercial ever created? Maybe! <a class=\"twitter-hashtag pretty-link js-nav\" data-query-source=\"hashtag_click\" dir=\"ltr\" href=\"/hashtag/PEPSI?src=hash\"><s>#</s><b>PEPSI</b></a> <a class=\"twitter-hashtag pretty-link js-nav\" data-query-source=\"hashtag_click\" dir=\"ltr\" href=\"/hashtag/PepsixKendall?src=hash\"><s>#</s><b>PepsixKendall</b></a></p>", "timestamp": "2017-04-05T09:58:46", "timestamp_epochs": 1491386326, "tweet_id": "849561944453459968", "tweet_url": "/justwrite13/status/849561944453459968", "user_id": "15378392", "username": "Ida Morris", "video_url": ""}, {"has_media": true, "hashtags": ["PepsiMoment", "kendalljenner"], "img_urls": ["https://pbs.twimg.com/media/C8nvwnkWAAAmfR6.jpg"], "is_replied": false, "is_reply_to": false, "likes": 1, "links": [], "parent_tweet_id": "", "replies": 0, "reply_to_users": [], "retweets": 0, "screen_name": "lcheuk", "text": "Live bolder. Live louder. Live for now. Oh, and pay taxes. @pepsi #PepsiMoment #kendalljenner pic.twitter.com/269DpAUaXs", "text_html": "<p class=\"TweetTextSize js-tweet-text tweet-text\" data-aria-label-part=\"0\" lang=\"en\">Live bolder. Live louder. <strong>Live for now</strong>. Oh, <strong>and</strong> pay taxes. <a class=\"twitter-atreply pretty-link js-nav\" data-mentioned-user-id=\"18139619\" dir=\"ltr\" href=\"/pepsi\"><s>@</s><b>pepsi</b></a> <a class=\"twitter-hashtag pretty-link js-nav\" data-query-source=\"hashtag_click\" dir=\"ltr\" href=\"/hashtag/PepsiMoment?src=hash\"><s>#</s><b>PepsiMoment</b></a> <a class=\"twitter-hashtag pretty-link js-nav\" data-query-source=\"hashtag_click\" dir=\"ltr\" href=\"/hashtag/kendalljenner?src=hash\"><s>#</s><b><strong>kendalljenner</strong></b></a> <a class=\"twitter-timeline-link u-hidden\" data-pre-embedded=\"true\" dir=\"ltr\" href=\"https://t.co/269DpAUaXs\">pic.twitter.com/269DpAUaXs</a></p>", "timestamp": "2017-04-05T04:07:50", "timestamp_epochs": 1491365270, "tweet_id": "849473628903288832", "tweet_url": "/lcheuk/status/849473628903288832", "user_id": "16555854", "username": "Leland Cheuk", "video_url": ""}, {"has_media": false, "hashtags": [], "img_urls": [], "is_replied": false, "is_reply_to": false, "likes": 1, "links": ["https://twitter.com/i/moments/849373759240884224", "https://twitter.com/i/moments/849373759240884224"], "parent_tweet_id": "", "replies": 0, "reply_to_users": [], "retweets": 1, "screen_name": "Roxanne_council", "text": "\"Live for now?!\" Implying?....\n\nhttps://twitter.com/i/moments/849373759240884224\u00a0\u2026 \u201cBacklash hits Pepsi and Kendall Jenner for tone-deaf ad\u201d\n\nhttps://twitter.com/i/moments/849373759240884224\u00a0\u2026", "text_html": "<p class=\"TweetTextSize js-tweet-text tweet-text\" data-aria-label-part=\"0\" lang=\"en\">\"<strong>Live for now</strong>?!\" Implying?....\n\n<a class=\"twitter-timeline-link\" data-expanded-url=\"https://twitter.com/i/moments/849373759240884224\" dir=\"ltr\" href=\"https://t.co/GkmYQNsAvM\" rel=\"nofollow noopener\" target=\"_blank\" title=\"https://twitter.com/i/moments/849373759240884224\"><span class=\"tco-ellipsis\"></span><span class=\"invisible\">https://</span><span class=\"js-display-url\">twitter.com/i/moments/8493</span><span class=\"invisible\">73759240884224</span><span class=\"tco-ellipsis\"><span class=\"invisible\">\u00a0</span>\u2026</span></a><img alt=\"\u26a1\ufe0f\" aria-label=\"Emoji: High voltage sign\" class=\"Emoji Emoji--forText\" draggable=\"false\" src=\"https://abs.twimg.com/emoji/v2/72x72/26a1.png\" title=\"High voltage sign\"/> \u201cBacklash hits Pepsi <strong>and</strong> <strong>Kendall</strong> <strong>Jenner</strong> for tone-deaf ad\u201d\n\n<a class=\"twitter-timeline-link\" data-expanded-url=\"https://twitter.com/i/moments/849373759240884224\" dir=\"ltr\" href=\"https://t.co/GkmYQNsAvM\" rel=\"nofollow noopener\" target=\"_blank\" title=\"https://twitter.com/i/moments/849373759240884224\"><span class=\"tco-ellipsis\"></span><span class=\"invisible\">https://</span><span class=\"js-display-url\">twitter.com/i/moments/8493</span><span class=\"invisible\">73759240884224</span><span class=\"tco-ellipsis\"><span class=\"invisible\">\u00a0</span>\u2026</span></a></p>", "timestamp": "2017-04-05T02:17:10", "timestamp_epochs": 1491358630, "tweet_id": "849445781635571712", "tweet_url": "/Roxanne_council/status/849445781635571712", "user_id": "1713602706", "username": "Roxanne Williams", "video_url": ""}, {"has_media": false, "hashtags": [], "img_urls": [], "is_replied": false, "is_reply_to": true, "likes": 32, "links": [], "parent_tweet_id": "849341537939058690", "replies": 0, "reply_to_users": [{"screen_name": "fuckzactar", "user_id": "487159605"}, {"screen_name": "KrisJenner", "user_id": "23613479"}], "retweets": 0, "screen_name": "nursegalmom", "text": "And the slogan. Live for now. Is Live, For now. Not good to hear in today's day", "text_html": "<p class=\"TweetTextSize js-tweet-text tweet-text\" data-aria-label-part=\"0\" lang=\"en\"><strong>And</strong> the slogan. <strong>Live for now</strong>. Is <strong>Live, For now</strong>. Not good to hear in today's day</p>", "timestamp": "2017-04-05T01:39:26", "timestamp_epochs": 1491356366, "tweet_id": "849436282577178624", "tweet_url": "/nursegalmom/status/849436282577178624", "user_id": "2976688515", "username": "Stacey", "video_url": ""}, {"has_media": false, "hashtags": [], "img_urls": [], "is_replied": false, "is_reply_to": true, "likes": 14, "links": [], "parent_tweet_id": "849341537939058690", "replies": 0, "reply_to_users": [{"screen_name": "CommissionerKY", "user_id": "556930049"}, {"screen_name": "KrisJenner", "user_id": "23613479"}], "retweets": 0, "screen_name": "nursegalmom", "text": "And say Live....... for now. Kind of eerie", "text_html": "<p class=\"TweetTextSize js-tweet-text tweet-text\" data-aria-label-part=\"0\" lang=\"en\"><strong>And</strong> say <strong>Live....... for now</strong>. Kind of eerie</p>", "timestamp": "2017-04-05T01:37:30", "timestamp_epochs": 1491356250, "tweet_id": "849435798340546561", "tweet_url": "/nursegalmom/status/849435798340546561", "user_id": "2976688515", "username": "Stacey", "video_url": ""}, {"has_media": false, "hashtags": ["Kendallpepsiad"], "img_urls": [], "is_replied": false, "is_reply_to": false, "likes": 0, "links": [], "parent_tweet_id": "", "replies": 0, "reply_to_users": [], "retweets": 0, "screen_name": "GospelGameShow", "text": "Pepsi pulled the controversial \"Live For Now\" ad starring Kendall Jenner and issued a public apology after online backlash. #Kendallpepsiad", "text_html": "<p class=\"TweetTextSize js-tweet-text tweet-text\" data-aria-label-part=\"0\" lang=\"en\">Pepsi pulled the controversial \"<strong>Live For Now</strong>\" ad starring <strong>Kendall</strong> <strong>Jenner</strong> <strong>and</strong> issued a public apology after online backlash. <a class=\"twitter-hashtag pretty-link js-nav\" data-query-source=\"hashtag_click\" dir=\"ltr\" href=\"/hashtag/Kendallpepsiad?src=hash\"><s>#</s><b>Kendallpepsiad</b></a></p>", "timestamp": "2017-04-05T20:31:14", "timestamp_epochs": 1491424274, "tweet_id": "849721109792473088", "tweet_url": "/GospelGameShow/status/849721109792473088", "user_id": "555701557", "username": "GospelGameShowTV", "video_url": ""}, {"has_media": true, "hashtags": [], "img_urls": ["https://pbs.twimg.com/media/C8qZpWKXUAAhbdX.jpg"], "is_replied": false, "is_reply_to": false, "likes": 1, "links": ["http://fal.cn/uAQJ"], "parent_tweet_id": "", "replies": 0, "reply_to_users": [], "retweets": 2, "screen_name": "TheDrum", "text": "Kendall Jenner and Pepsi face backlash over 'Live For Now Moments' ad http://fal.cn/uAQJ\u00a0pic.twitter.com/vFELeSvQ51", "text_html": "<p class=\"TweetTextSize js-tweet-text tweet-text\" data-aria-label-part=\"0\" lang=\"en\"><strong>Kendall</strong> <strong>Jenner</strong> <strong>and</strong> Pepsi face backlash over '<strong>Live For Now</strong> Moments' ad <a class=\"twitter-timeline-link\" data-expanded-url=\"http://fal.cn/uAQJ\" dir=\"ltr\" href=\"https://t.co/m69D5mJB8k\" rel=\"nofollow noopener\" target=\"_blank\" title=\"http://fal.cn/uAQJ\"><span class=\"tco-ellipsis\"></span><span class=\"invisible\">http://</span><span class=\"js-display-url\">fal.cn/uAQJ</span><span class=\"invisible\"></span><span class=\"tco-ellipsis\"><span class=\"invisible\">\u00a0</span></span></a><a class=\"twitter-timeline-link u-hidden\" data-pre-embedded=\"true\" dir=\"ltr\" href=\"https://t.co/vFELeSvQ51\">pic.twitter.com/vFELeSvQ51</a></p>", "timestamp": "2017-04-05T16:30:04", "timestamp_epochs": 1491409804, "tweet_id": "849660418255671297", "tweet_url": "/TheDrum/status/849660418255671297", "user_id": "20758087", "username": "The Drum", "video_url": ""}, {"has_media": false, "hashtags": [], "img_urls": [], "is_replied": false, "is_reply_to": false, "likes": 0, "links": ["http://fb.me/4tCk0kjd2"], "parent_tweet_id": "", "replies": 0, "reply_to_users": [], "retweets": 0, "screen_name": "dorotvent", "text": "Pepsi \u0093Live For Now Moments Anthem\u0094 starring Kendall Jenner - Watch and Download http://fb.me/4tCk0kjd2\u00a0", "text_html": "<p class=\"TweetTextSize js-tweet-text tweet-text\" data-aria-label-part=\"0\" lang=\"en\">Pepsi \u0093<strong>Live For Now</strong> Moments Anthem\u0094 starring <strong>Kendall</strong> <strong>Jenner</strong> - Watch <strong>and</strong> Download <a class=\"twitter-timeline-link\" data-expanded-url=\"http://fb.me/4tCk0kjd2\" dir=\"ltr\" href=\"https://t.co/ZpifMps9cM\" rel=\"nofollow noopener\" target=\"_blank\" title=\"http://fb.me/4tCk0kjd2\"><span class=\"tco-ellipsis\"></span><span class=\"invisible\">http://</span><span class=\"js-display-url\">fb.me/4tCk0kjd2</span><span class=\"invisible\"></span><span class=\"tco-ellipsis\"><span class=\"invisible\">\u00a0</span></span></a></p>", "timestamp": "2017-04-05T10:57:13", "timestamp_epochs": 1491389833, "tweet_id": "849576654225555456", "tweet_url": "/dorotvent/status/849576654225555456", "user_id": "387243448", "username": "DoroTV Ent.", "video_url": ""}, {"has_media": false, "hashtags": ["ad", "PEPSI", "PepsixKendall"], "img_urls": [], "is_replied": false, "is_reply_to": false, "likes": 2, "links": [], "parent_tweet_id": "", "replies": 0, "reply_to_users": [], "retweets": 0, "screen_name": "justwrite13", "text": "Is the @pepsi and @KendallJenner 'Live for Now Moments Anthem' #ad the most tone-deaf commercial ever created? Maybe! #PEPSI #PepsixKendall", "text_html": "<p class=\"TweetTextSize js-tweet-text tweet-text\" data-aria-label-part=\"0\" lang=\"en\">Is the <a class=\"twitter-atreply pretty-link js-nav\" data-mentioned-user-id=\"18139619\" dir=\"ltr\" href=\"/pepsi\"><s>@</s><b>pepsi</b></a> <strong>and</strong> <a class=\"twitter-atreply pretty-link js-nav\" data-mentioned-user-id=\"157140968\" dir=\"ltr\" href=\"/KendallJenner\"><s>@</s><b><strong>KendallJenner</strong></b></a> '<strong>Live for Now</strong> Moments Anthem' <a class=\"twitter-hashtag pretty-link js-nav\" data-query-source=\"hashtag_click\" dir=\"ltr\" href=\"/hashtag/ad?src=hash\"><s>#</s><b>ad</b></a> the most tone-deaf commercial ever created? Maybe! <a class=\"twitter-hashtag pretty-link js-nav\" data-query-source=\"hashtag_click\" dir=\"ltr\" href=\"/hashtag/PEPSI?src=hash\"><s>#</s><b>PEPSI</b></a> <a class=\"twitter-hashtag pretty-link js-nav\" data-query-source=\"hashtag_click\" dir=\"ltr\" href=\"/hashtag/PepsixKendall?src=hash\"><s>#</s><b>PepsixKendall</b></a></p>", "timestamp": "2017-04-05T09:58:46", "timestamp_epochs": 1491386326, "tweet_id": "849561944453459968", "tweet_url": "/justwrite13/status/849561944453459968", "user_id": "15378392", "username": "Ida Morris", "video_url": ""}, {"has_media": true, "hashtags": ["PepsiMoment", "kendalljenner"], "img_urls": ["https://pbs.twimg.com/media/C8nvwnkWAAAmfR6.jpg"], "is_replied": false, "is_reply_to": false, "likes": 1, "links": [], "parent_tweet_id": "", "replies": 0, "reply_to_users": [], "retweets": 0, "screen_name": "lcheuk", "text": "Live bolder. Live louder. Live for now. Oh, and pay taxes. @pepsi #PepsiMoment #kendalljenner pic.twitter.com/269DpAUaXs", "text_html": "<p class=\"TweetTextSize js-tweet-text tweet-text\" data-aria-label-part=\"0\" lang=\"en\">Live bolder. Live louder. <strong>Live for now</strong>. Oh, <strong>and</strong> pay taxes. <a class=\"twitter-atreply pretty-link js-nav\" data-mentioned-user-id=\"18139619\" dir=\"ltr\" href=\"/pepsi\"><s>@</s><b>pepsi</b></a> <a class=\"twitter-hashtag pretty-link js-nav\" data-query-source=\"hashtag_click\" dir=\"ltr\" href=\"/hashtag/PepsiMoment?src=hash\"><s>#</s><b>PepsiMoment</b></a> <a class=\"twitter-hashtag pretty-link js-nav\" data-query-source=\"hashtag_click\" dir=\"ltr\" href=\"/hashtag/kendalljenner?src=hash\"><s>#</s><b><strong>kendalljenner</strong></b></a> <a class=\"twitter-timeline-link u-hidden\" data-pre-embedded=\"true\" dir=\"ltr\" href=\"https://t.co/269DpAUaXs\">pic.twitter.com/269DpAUaXs</a></p>", "timestamp": "2017-04-05T04:07:50", "timestamp_epochs": 1491365270, "tweet_id": "849473628903288832", "tweet_url": "/lcheuk/status/849473628903288832", "user_id": "16555854", "username": "Leland Cheuk", "video_url": ""}, {"has_media": false, "hashtags": [], "img_urls": [], "is_replied": false, "is_reply_to": false, "likes": 1, "links": ["https://twitter.com/i/moments/849373759240884224", "https://twitter.com/i/moments/849373759240884224"], "parent_tweet_id": "", "replies": 0, "reply_to_users": [], "retweets": 1, "screen_name": "Roxanne_council", "text": "\"Live for now?!\" Implying?....\n\nhttps://twitter.com/i/moments/849373759240884224\u00a0\u2026 \u201cBacklash hits Pepsi and Kendall Jenner for tone-deaf ad\u201d\n\nhttps://twitter.com/i/moments/849373759240884224\u00a0\u2026", "text_html": "<p class=\"TweetTextSize js-tweet-text tweet-text\" data-aria-label-part=\"0\" lang=\"en\">\"<strong>Live for now</strong>?!\" Implying?....\n\n<a class=\"twitter-timeline-link\" data-expanded-url=\"https://twitter.com/i/moments/849373759240884224\" dir=\"ltr\" href=\"https://t.co/GkmYQNsAvM\" rel=\"nofollow noopener\" target=\"_blank\" title=\"https://twitter.com/i/moments/849373759240884224\"><span class=\"tco-ellipsis\"></span><span class=\"invisible\">https://</span><span class=\"js-display-url\">twitter.com/i/moments/8493</span><span class=\"invisible\">73759240884224</span><span class=\"tco-ellipsis\"><span class=\"invisible\">\u00a0</span>\u2026</span></a><img alt=\"\u26a1\ufe0f\" aria-label=\"Emoji: High voltage sign\" class=\"Emoji Emoji--forText\" draggable=\"false\" src=\"https://abs.twimg.com/emoji/v2/72x72/26a1.png\" title=\"High voltage sign\"/> \u201cBacklash hits Pepsi <strong>and</strong> <strong>Kendall</strong> <strong>Jenner</strong> for tone-deaf ad\u201d\n\n<a class=\"twitter-timeline-link\" data-expanded-url=\"https://twitter.com/i/moments/849373759240884224\" dir=\"ltr\" href=\"https://t.co/GkmYQNsAvM\" rel=\"nofollow noopener\" target=\"_blank\" title=\"https://twitter.com/i/moments/849373759240884224\"><span class=\"tco-ellipsis\"></span><span class=\"invisible\">https://</span><span class=\"js-display-url\">twitter.com/i/moments/8493</span><span class=\"invisible\">73759240884224</span><span class=\"tco-ellipsis\"><span class=\"invisible\">\u00a0</span>\u2026</span></a></p>", "timestamp": "2017-04-05T02:17:10", "timestamp_epochs": 1491358630, "tweet_id": "849445781635571712", "tweet_url": "/Roxanne_council/status/849445781635571712", "user_id": "1713602706", "username": "Roxanne Williams", "video_url": ""}, {"has_media": false, "hashtags": [], "img_urls": [], "is_replied": false, "is_reply_to": true, "likes": 32, "links": [], "parent_tweet_id": "849341537939058690", "replies": 0, "reply_to_users": [{"screen_name": "fuckzactar", "user_id": "487159605"}, {"screen_name": "KrisJenner", "user_id": "23613479"}], "retweets": 0, "screen_name": "nursegalmom", "text": "And the slogan. Live for now. Is Live, For now. Not good to hear in today's day", "text_html": "<p class=\"TweetTextSize js-tweet-text tweet-text\" data-aria-label-part=\"0\" lang=\"en\"><strong>And</strong> the slogan. <strong>Live for now</strong>. Is <strong>Live, For now</strong>. Not good to hear in today's day</p>", "timestamp": "2017-04-05T01:39:26", "timestamp_epochs": 1491356366, "tweet_id": "849436282577178624", "tweet_url": "/nursegalmom/status/849436282577178624", "user_id": "2976688515", "username": "Stacey", "video_url": ""}, {"has_media": false, "hashtags": [], "img_urls": [], "is_replied": false, "is_reply_to": true, "likes": 14, "links": [], "parent_tweet_id": "849341537939058690", "replies": 0, "reply_to_users": [{"screen_name": "CommissionerKY", "user_id": "556930049"}, {"screen_name": "KrisJenner", "user_id": "23613479"}], "retweets": 0, "screen_name": "nursegalmom", "text": "And say Live....... for now. Kind of eerie", "text_html": "<p class=\"TweetTextSize js-tweet-text tweet-text\" data-aria-label-part=\"0\" lang=\"en\"><strong>And</strong> say <strong>Live....... for now</strong>. Kind of eerie</p>", "timestamp": "2017-04-05T01:37:30", "timestamp_epochs": 1491356250, "tweet_id": "849435798340546561", "tweet_url": "/nursegalmom/status/849435798340546561", "user_id": "2976688515", "username": "Stacey", "video_url": ""}]