[{"has_media": false, "hashtags": [], "img_urls": [], "is_replied": false, "is_reply_to": false, "likes": 1, "links": [], "parent_tweet_id": "", "replies": 0, "reply_to_users": [], "retweets": 1, "screen_name": "Fufu_Esq", "text": "Kendall was able to walk right up to a cop and hand him a pepsi with a smile.\n\"Live for now\"\nBlack people have died for less pepsi wyd", "text_html": "<p class=\"TweetTextSize js-tweet-text tweet-text\" data-aria-label-part=\"0\" lang=\"en\"><strong>Kendall</strong> was able to walk right up to a cop <strong>and</strong> hand him a pepsi with a smile.\n\"<strong>Live for now</strong>\"\nBlack people have died for less pepsi wyd</p>", "timestamp": "2017-04-04T23:43:13", "timestamp_epochs": 1491349393, "tweet_id": "849407035502469120", "tweet_url": "/Fufu_Esq/status/849407035502469120", "user_id": "388619355", "username": "Scythe B\u0394\u03a3", "video_url": ""}, {"has_media": false, "hashtags": [], "img_urls": [], "is_replied": false, "is_reply_to": false, "likes": 1, "links": [], "parent_tweet_id": "", "replies": 0, "reply_to_users": [], "retweets": 1, "screen_name": "Fufu_Esq", "text": "Kendall was able to walk right up to a cop and hand him a pepsi with a smile.\n\"Live for now\"\nBlack people have died for less pepsi wyd", "text_html": "<p class=\"TweetTextSize js-tweet-text tweet-text\" data-aria-label-part=\"0\" lang=\"en\"><strong>Kendall</strong> was able to walk right up to a cop <strong>and</strong> hand him a pepsi with a smile.\n\"<strong>Live for now</strong>\"\nBlack people have died for less pepsi wyd</p>", "timestamp": "2017-04-04T23:43:13", "timestamp_epochs": 1491349393, "tweet_id": "849407035502469120", "tweet_url": "/Fufu_Esq/status/849407035502469120", "user_id": "388619355", "username": "Scythe B\u0394\u03a3", "video_url": ""}, {"has_media": true, "hashtags": ["altpepsipic"], "img_urls": ["https://pbs.twimg.com/media/C8uuvrGWsAQOVAT.jpg"], "is_replied": false, "is_reply_to": false, "likes": 1, "links": [], "parent_tweet_id": "", "replies": 0, "reply_to_users": [], "retweets": 1, "screen_name": "AltHistoryToday", "text": "2017: \"Live for Now\" campaign ends after Pepsi and Kendall Jenner end racism, xenophobia; community policing new currency of realm #altpepsipic.twitter.com/hKeWuS6qKL", "text_html": "<p class=\"TweetTextSize js-tweet-text tweet-text\" data-aria-label-part=\"0\" lang=\"en\">2017: \"<strong>Live for Now</strong>\" campaign ends after Pepsi <strong>and</strong> <strong>Kendall</strong> Jenner end racism, xenophobia; community policing new currency of realm <a class=\"twitter-hashtag pretty-link js-nav\" data-query-source=\"hashtag_click\" dir=\"ltr\" href=\"/hashtag/altpepsi?src=hash\"><s>#</s><b>altpepsi</b></a><a class=\"twitter-timeline-link u-hidden\" data-pre-embedded=\"true\" dir=\"ltr\" href=\"https://t.co/hKeWuS6qKL\">pic.twitter.com/hKeWuS6qKL</a></p>", "timestamp": "2017-04-06T12:40:44", "timestamp_epochs": 1491482444, "tweet_id": "849965093639081985", "tweet_url": "/AltHistoryToday/status/849965093639081985", "user_id": "833833166058160128", "username": "Alt History Today, Tomorrow, Forever", "video_url": ""}, {"has_media": false, "hashtags": [], "img_urls": [], "is_replied": false, "is_reply_to": false, "likes": 0, "links": ["http://indianews23.com/blog/kendall-jenner-is-blonde-and-rebellious-in-pepsis-new-live-for-now-moments-anthem-ad-watch/"], "parent_tweet_id": "", "replies": 0, "reply_to_users": [], "retweets": 0, "screen_name": "indianews23", "text": "Kendall Jenner is Blonde and Rebellious in Pepsi's New 'Live For Now Moments Anthem' Ad - Watch! - http://indianews23.com/blog/kendall-jenner-is-blonde-and-rebellious-in-pepsis-new-live-for-now-moments-anthem-ad-watch/\u00a0\u2026", "text_html": "<p class=\"TweetTextSize js-tweet-text tweet-text\" data-aria-label-part=\"0\" lang=\"en\"><strong>Kendall</strong> Jenner is Blonde <strong>and</strong> Rebellious in Pepsi's New '<strong>Live For Now</strong> Moments Anthem' Ad - Watch! - <a class=\"twitter-timeline-link\" data-expanded-url=\"http://indianews23.com/blog/kendall-jenner-is-blonde-and-rebellious-in-pepsis-new-live-for-now-moments-anthem-ad-watch/\" dir=\"ltr\" href=\"https://t.co/m6eQOVC9Zk\" rel=\"nofollow noopener\" target=\"_blank\" title=\"http://indianews23.com/blog/kendall-jenner-is-blonde-and-rebellious-in-pepsis-new-live-for-now-moments-anthem-ad-watch/\"><span class=\"tco-ellipsis\"></span><span class=\"invisible\">http://</span><span class=\"js-display-url\">indianews23.com/blog/kendall-j</span><span class=\"invisible\">enner-is-blonde-and-rebellious-in-pepsis-new-live-for-now-moments-anthem-ad-watch/</span><span class=\"tco-ellipsis\"><span class=\"invisible\">\u00a0</span>\u2026</span></a></p>", "timestamp": "2017-04-06T06:02:44", "timestamp_epochs": 1491458564, "tweet_id": "849864931948343296", "tweet_url": "/indianews23/status/849864931948343296", "user_id": "845368388666974210", "username": "Indianews23", "video_url": ""}, {"has_media": true, "hashtags": ["altpepsipic"], "img_urls": ["https://pbs.twimg.com/media/C8uuvrGWsAQOVAT.jpg"], "is_replied": false, "is_reply_to": false, "likes": 1, "links": [], "parent_tweet_id": "", "replies": 0, "reply_to_users": [], "retweets": 1, "screen_name": "AltHistoryToday", "text": "2017: \"Live for Now\" campaign ends after Pepsi and Kendall Jenner end racism, xenophobia; community policing new currency of realm #altpepsipic.twitter.com/hKeWuS6qKL", "text_html": "<p class=\"TweetTextSize js-tweet-text tweet-text\" data-aria-label-part=\"0\" lang=\"en\">2017: \"<strong>Live for Now</strong>\" campaign ends after Pepsi <strong>and</strong> <strong>Kendall</strong> Jenner end racism, xenophobia; community policing new currency of realm <a class=\"twitter-hashtag pretty-link js-nav\" data-query-source=\"hashtag_click\" dir=\"ltr\" href=\"/hashtag/altpepsi?src=hash\"><s>#</s><b>altpepsi</b></a><a class=\"twitter-timeline-link u-hidden\" data-pre-embedded=\"true\" dir=\"ltr\" href=\"https://t.co/hKeWuS6qKL\">pic.twitter.com/hKeWuS6qKL</a></p>", "timestamp": "2017-04-06T12:40:44", "timestamp_epochs": 1491482444, "tweet_id": "849965093639081985", "tweet_url": "/AltHistoryToday/status/849965093639081985", "user_id": "833833166058160128", "username": "Alt History Today, Tomorrow, Forever", "video_url": ""}, {"has_media": false, "hashtags": [], "img_urls": [], "is_replied": false, "is_reply_to": false, "likes": 0, "links": ["http://indianews23.com/blog/kendall-jenner-is-blonde-and-rebellious-in-pepsis-new-live-for-now-moments-anthem-ad-watch/"], "parent_tweet_id": "", "replies": 0, "reply_to_users": [], "retweets": 0, "screen_name": "indianews23", "text": "Kendall Jenner is Blonde and Rebellious in Pepsi's New 'Live For Now Moments Anthem' Ad - Watch! - http://indianews23.com/blog/kendall-jenner-is-blonde-and-rebellious-in-pepsis-new-live-for-now-moments-anthem-ad-watch/\u00a0\u2026", "text_html": "<p class=\"TweetTextSize js-tweet-text tweet-text\" data-aria-label-part=\"0\" lang=\"en\"><strong>Kendall</strong> Jenner is Blonde <strong>and</strong> Rebellious in Pepsi's New '<strong>Live For Now</strong> Moments Anthem' Ad - Watch! - <a class=\"twitter-timeline-link\" data-expanded-url=\"http://indianews23.com/blog/kendall-jenner-is-blonde-and-rebellious-in-pepsis-new-live-for-now-moments-anthem-ad-watch/\" dir=\"ltr\" href=\"https://t.co/m6eQOVC9Zk\" rel=\"nofollow noopener\" target=\"_blank\" title=\"http://indianews23.com/blog/kendall-jenner-is-blonde-and-rebellious-in-pepsis-new-live-for-now-moments-anthem-ad-watch/\"><span class=\"tco-ellipsis\"></span><span class=\"invisible\">http://</span><span class=\"js-display-url\">indianews23.com/blog/kendall-j</span><span class=\"invisible\">enner-is-blonde-and-rebellious-in-pepsis-new-live-for-now-moments-anthem-ad-watch/</span><span class=\"tco-ellipsis\"><span class=\"invisible\">\u00a0</span>\u2026</span></a></p>", "timestamp": "2017-04-06T06:02:44", "timestamp_epochs": 1491458564, "tweet_id": "849864931948343296", "tweet_url": "/indianews23/status/849864931948343296", "user_id": "845368388666974210", "username": "Indianews23", "video_url": ""}, {"has_media": false, "hashtags": [], "img_urls": [], "is_replied": true, "is_reply_to": false, "likes": 1, "links": ["http://ift.tt/2o5Dh7b"], "parent_tweet_id": "", "replies": 1, "reply_to_users": [], "retweets": 1, "screen_name": "edeckers", "text": "Kendall Jenner and Pepsi: Live, For Now http://ift.tt/2o5Dh7b\u00a0", "text_html": "<p class=\"TweetTextSize js-tweet-text tweet-text\" data-aria-label-part=\"0\" lang=\"en\"><strong>Kendall</strong> Jenner <strong>and</strong> Pepsi: <strong>Live, For Now</strong> <a class=\"twitter-timeline-link\" data-expanded-url=\"http://ift.tt/2o5Dh7b\" dir=\"ltr\" href=\"https://t.co/6W6b4PMwUV\" rel=\"nofollow noopener\" target=\"_blank\" title=\"http://ift.tt/2o5Dh7b\"><span class=\"tco-ellipsis\"></span><span class=\"invisible\">http://</span><span class=\"js-display-url\">ift.tt/2o5Dh7b</span><span class=\"invisible\"></span><span class=\"tco-ellipsis\"><span class=\"invisible\">\u00a0</span></span></a></p>", "timestamp": "2017-04-07T14:25:36", "timestamp_epochs": 1491575136, "tweet_id": "850353870224203776", "tweet_url": "/edeckers/status/850353870224203776", "user_id": "11417322", "username": "Erik Deckers", "video_url": ""}, {"has_media": false, "hashtags": [], "img_urls": [], "is_replied": true, "is_reply_to": false, "likes": 1, "links": ["http://ift.tt/2o5Dh7b"], "parent_tweet_id": "", "replies": 1, "reply_to_users": [], "retweets": 1, "screen_name": "edeckers", "text": "Kendall Jenner and Pepsi: Live, For Now http://ift.tt/2o5Dh7b\u00a0", "text_html": "<p class=\"TweetTextSize js-tweet-text tweet-text\" data-aria-label-part=\"0\" lang=\"en\"><strong>Kendall</strong> Jenner <strong>and</strong> Pepsi: <strong>Live, For Now</strong> <a class=\"twitter-timeline-link\" data-expanded-url=\"http://ift.tt/2o5Dh7b\" dir=\"ltr\" href=\"https://t.co/6W6b4PMwUV\" rel=\"nofollow noopener\" target=\"_blank\" title=\"http://ift.tt/2o5Dh7b\"><span class=\"tco-ellipsis\"></span><span class=\"invisible\">http://</span><span class=\"js-display-url\">ift.tt/2o5Dh7b</span><span class=\"invisible\"></span><span class=\"tco-ellipsis\"><span class=\"invisible\">\u00a0</span></span></a></p>", "timestamp": "2017-04-07T14:25:36", "timestamp_epochs": 1491575136, "tweet_id": "850353870224203776", "tweet_url": "/edeckers/status/850353870224203776", "user_id": "11417322", "username": "Erik Deckers", "video_url": ""}, {"has_media": false, "hashtags": ["Kendallpepsiad"], "img_urls": [], "is_replied": false, "is_reply_to": false, "likes": 0, "links": [], "parent_tweet_id": "", "replies": 0, "reply_to_users": [], "retweets": 0, "screen_name": "GospelGameShow", "text": "Pepsi pulled the controversial \"Live For Now\" ad starring Kendall Jenner and issued a public apology after online backlash. #Kendallpepsiad", "text_html": "<p class=\"TweetTextSize js-tweet-text tweet-text\" data-aria-label-part=\"0\" lang=\"en\">Pepsi pulled the controversial \"<strong>Live For Now</strong>\" ad starring <strong>Kendall</strong> Jenner <strong>and</strong> issued a public apology after online backlash. <a class=\"twitter-hashtag pretty-link js-nav\" data-query-source=\"hashtag_click\" dir=\"ltr\" href=\"/hashtag/Kendallpepsiad?src=hash\"><s>#</s><b>Kendallpepsiad</b></a></p>", "timestamp": "2017-04-05T20:31:14", "timestamp_epochs": 1491424274, "tweet_id": "849721109792473088", "tweet_url": "/GospelGameShow/status/849721109792473088", "user_id": "555701557", "username": "GospelGameShowTV", "video_url": ""}, {"has_media": true, "hashtags": [], "img_urls": ["https://pbs.twimg.com/media/C8qZpWKXUAAhbdX.jpg"], "is_replied": false, "is_reply_to": false, "likes": 1, "links": ["http://fal.cn/uAQJ"], "parent_tweet_id": "", "replies": 0, "reply_to_users": [], "retweets": 2, "screen_name": "TheDrum", "text": "Kendall Jenner and Pepsi face backlash over 'Live For Now Moments' ad http://fal.cn/uAQJ\u00a0pic.twitter.com/vFELeSvQ51", "text_html": "<p class=\"TweetTextSize js-tweet-text tweet-text\" data-aria-label-part=\"0\" lang=\"en\"><strong>Kendall</strong> Jenner <strong>and</strong> Pepsi face backlash over '<strong>Live For Now</strong> Moments' ad <a class=\"twitter-timeline-link\" data-expanded-url=\"http://fal.cn/uAQJ\" dir=\"ltr\" href=\"https://t.co/m69D5mJB8k\" rel=\"nofollow noopener\" target=\"_blank\" title=\"http://fal.cn/uAQJ\"><span class=\"tco-ellipsis\"></span><span class=\"invisible\">http://</span><span class=\"js-display-url\">fal.cn/uAQJ</span><span class=\"invisible\"></span><span class=\"tco-ellipsis\"><span class=\"invisible\">\u00a0</span></span></a><a class=\"twitter-timeline-link u-hidden\" data-pre-embedded=\"true\" dir=\"ltr\" href=\"https://t.co/vFELeSvQ51\">pic.twitter.com/vFELeSvQ51</a></p>", "timestamp": "2017-04-05T16:30:04", "timestamp_epochs": 1491409804, "tweet_id": "849660418255671297", "tweet_url": "/TheDrum/status/849660418255671297", "user_id": "20758087", "username": "The Drum", "video_url": ""}, {"has_media": false, "hashtags": [], "img_urls": [], "is_replied": false, "is_reply_to": false, "likes": 0, "links": ["http://fb.me/4tCk0kjd2"], "parent_tweet_id": "", "replies": 0, "reply_to_users": [], "retweets": 0, "screen_name": "dorotvent", "text": "Pepsi \u0093Live For Now Moments Anthem\u0094 starring Kendall Jenner - Watch and Download http://fb.me/4tCk0kjd2\u00a0", "text_html": "<p class=\"TweetTextSize js-tweet-text tweet-text\" data-aria-label-part=\"0\" lang=\"en\">Pepsi \u0093<strong>Live For Now</strong> Moments Anthem\u0094 starring <strong>Kendall</strong> Jenner - Watch <strong>and</strong> Download <a class=\"twitter-timeline-link\" data-expanded-url=\"http://fb.me/4tCk0kjd2\" dir=\"ltr\" href=\"https://t.co/ZpifMps9cM\" rel=\"nofollow noopener\" target=\"_blank\" title=\"http://fb.me/4tCk0kjd2\"><span class=\"tco-ellipsis\"></span><span class=\"invisible\">http://</span><span class=\"js-display-url\">fb.me/4tCk0kjd2</span><span class=\"invisible\"></span><span class=\"tco-ellipsis\"><span class=\"invisible\">\u00a0</span></span></a></p>", "timestamp": "2017-04-05T10:57:13", "timestamp_epochs": 1491389833, "tweet_id": "849576654225555456", "tweet_url": "/dorotvent/status/849576654225555456", "user_id": "387243448", "username": "DoroTV Ent.", "video_url": ""}, {"has_media": true, "hashtags": [], "img_urls": ["https://pbs.twimg.com/media/C8oEKR0XoAA5LXo.jpg"], "is_replied": false, "is_reply_to": false, "likes": 0, "links": [], "parent_tweet_id": "", "replies": 0, "reply_to_users": [], "retweets": 0, "screen_name": "blknetflix", "text": "**waving hands**: did y'all see at the end of the @pepsi and Kendall commercial some ad team wrote  \"Live for now\" as a BLM slogan.... pic.twitter.com/pngWQDo7v6", "text_html": "<p class=\"TweetTextSize js-tweet-text tweet-text\" data-aria-label-part=\"0\" lang=\"en\">**waving hands**: did y'all see at the end of the <a class=\"twitter-atreply pretty-link js-nav\" data-mentioned-user-id=\"18139619\" dir=\"ltr\" href=\"/pepsi\"><s>@</s><b>pepsi</b></a> <strong>and</strong> <strong>Kendall</strong> commercial some ad team wrote  \"<strong>Live for now</strong>\" as a BLM slogan....<img alt=\"\ud83d\ude12\" aria-label=\"Emoji: Unamused face\" class=\"Emoji Emoji--forText\" draggable=\"false\" src=\"https://abs.twimg.com/emoji/v2/72x72/1f612.png\" title=\"Unamused face\"/> <a class=\"twitter-timeline-link u-hidden\" data-pre-embedded=\"true\" dir=\"ltr\" href=\"https://t.co/pngWQDo7v6\">pic.twitter.com/pngWQDo7v6</a></p>", "timestamp": "2017-04-05T05:36:58", "timestamp_epochs": 1491370618, "tweet_id": "849496061672640512", "tweet_url": "/blknetflix/status/849496061672640512", "user_id": "1661137190", "username": "BlackFilmsonNetflix", "video_url": ""}, {"has_media": false, "hashtags": [], "img_urls": [], "is_replied": false, "is_reply_to": false, "likes": 1, "links": ["https://twitter.com/i/moments/849373759240884224", "https://twitter.com/i/moments/849373759240884224"], "parent_tweet_id": "", "replies": 0, "reply_to_users": [], "retweets": 1, "screen_name": "Roxanne_council", "text": "\"Live for now?!\" Implying?....\n\nhttps://twitter.com/i/moments/849373759240884224\u00a0\u2026 \u201cBacklash hits Pepsi and Kendall Jenner for tone-deaf ad\u201d\n\nhttps://twitter.com/i/moments/849373759240884224\u00a0\u2026", "text_html": "<p class=\"TweetTextSize js-tweet-text tweet-text\" data-aria-label-part=\"0\" lang=\"en\">\"<strong>Live for now</strong>?!\" Implying?....\n\n<a class=\"twitter-timeline-link\" data-expanded-url=\"https://twitter.com/i/moments/849373759240884224\" dir=\"ltr\" href=\"https://t.co/GkmYQNsAvM\" rel=\"nofollow noopener\" target=\"_blank\" title=\"https://twitter.com/i/moments/849373759240884224\"><span class=\"tco-ellipsis\"></span><span class=\"invisible\">https://</span><span class=\"js-display-url\">twitter.com/i/moments/8493</span><span class=\"invisible\">73759240884224</span><span class=\"tco-ellipsis\"><span class=\"invisible\">\u00a0</span>\u2026</span></a><img alt=\"\u26a1\ufe0f\" aria-label=\"Emoji: High voltage sign\" class=\"Emoji Emoji--forText\" draggable=\"false\" src=\"https://abs.twimg.com/emoji/v2/72x72/26a1.png\" title=\"High voltage sign\"/> \u201cBacklash hits Pepsi <strong>and</strong> <strong>Kendall</strong> Jenner for tone-deaf ad\u201d\n\n<a class=\"twitter-timeline-link\" data-expanded-url=\"https://twitter.com/i/moments/849373759240884224\" dir=\"ltr\" href=\"https://t.co/GkmYQNsAvM\" rel=\"nofollow noopener\" target=\"_blank\" title=\"https://twitter.com/i/moments/849373759240884224\"><span class=\"tco-ellipsis\"></span><span class=\"invisible\">https://</span><span class=\"js-display-url\">twitter.com/i/moments/8493</span><span class=\"invisible\">73759240884224</span><span class=\"tco-ellipsis\"><span class=\"invisible\">\u00a0</span>\u2026</span></a></p>", "timestamp": "2017-04-05T02:17:10", "timestamp_epochs": 1491358630, "tweet_id": "849445781635571712", "tweet_url": "/Roxanne_council/status/849445781635571712", "user_id": "1713602706", "username": "Roxanne Williams", "video_url": ""}, {"has_media": false, "hashtags": ["Kendallpepsiad"], "img_urls": [], "is_replied": false, "is_reply_to": false, "likes": 0, "links": [], "parent_tweet_id": "", "replies": 0, "reply_to_users": [], "retweets": 0, "screen_name": "GospelGameShow", "text": "Pepsi pulled the controversial \"Live For Now\" ad starring Kendall Jenner and issued a public apology after online backlash. #Kendallpepsiad", "text_html": "<p class=\"TweetTextSize js-tweet-text tweet-text\" data-aria-label-part=\"0\" lang=\"en\">Pepsi pulled the controversial \"<strong>Live For Now</strong>\" ad starring <strong>Kendall</strong> Jenner <strong>and</strong> issued a public apology after online backlash. <a class=\"twitter-hashtag pretty-link js-nav\" data-query-source=\"hashtag_click\" dir=\"ltr\" href=\"/hashtag/Kendallpepsiad?src=hash\"><s>#</s><b>Kendallpepsiad</b></a></p>", "timestamp": "2017-04-05T20:31:14", "timestamp_epochs": 1491424274, "tweet_id": "849721109792473088", "tweet_url": "/GospelGameShow/status/849721109792473088", "user_id": "555701557", "username": "GospelGameShowTV", "video_url": ""}, {"has_media": true, "hashtags": [], "img_urls": ["https://pbs.twimg.com/media/C8qZpWKXUAAhbdX.jpg"], "is_replied": false, "is_reply_to": false, "likes": 1, "links": ["http://fal.cn/uAQJ"], "parent_tweet_id": "", "replies": 0, "reply_to_users": [], "retweets": 2, "screen_name": "TheDrum", "text": "Kendall Jenner and Pepsi face backlash over 'Live For Now Moments' ad http://fal.cn/uAQJ\u00a0pic.twitter.com/vFELeSvQ51", "text_html": "<p class=\"TweetTextSize js-tweet-text tweet-text\" data-aria-label-part=\"0\" lang=\"en\"><strong>Kendall</strong> Jenner <strong>and</strong> Pepsi face backlash over '<strong>Live For Now</strong> Moments' ad <a class=\"twitter-timeline-link\" data-expanded-url=\"http://fal.cn/uAQJ\" dir=\"ltr\" href=\"https://t.co/m69D5mJB8k\" rel=\"nofollow noopener\" target=\"_blank\" title=\"http://fal.cn/uAQJ\"><span class=\"tco-ellipsis\"></span><span class=\"invisible\">http://</span><span class=\"js-display-url\">fal.cn/uAQJ</span><span class=\"invisible\"></span><span class=\"tco-ellipsis\"><span class=\"invisible\">\u00a0</span></span></a><a class=\"twitter-timeline-link u-hidden\" data-pre-embedded=\"true\" dir=\"ltr\" href=\"https://t.co/vFELeSvQ51\">pic.twitter.com/vFELeSvQ51</a></p>", "timestamp": "2017-04-05T16:30:04", "timestamp_epochs": 1491409804, "tweet_id": "849660418255671297", "tweet_url": "/TheDrum/status/849660418255671297", "user_id": "20758087", "username": "The Drum", "video_url": ""}, {"has_media": false, "hashtags": [], "img_urls": [], "is_replied": false, "is_reply_to": false, "likes": 0, "links": ["http://fb.me/4tCk0kjd2"], "parent_tweet_id": "", "replies": 0, "reply_to_users": [], "retweets": 0, "screen_name": "dorotvent", "text": "Pepsi \u0093Live For Now Moments Anthem\u0094 starring Kendall Jenner - Watch and Download http://fb.me/4tCk0kjd2\u00a0", "text_html": "<p class=\"TweetTextSize js-tweet-text tweet-text\" data-aria-label-part=\"0\" lang=\"en\">Pepsi \u0093<strong>Live For Now</strong> Moments Anthem\u0094 starring <strong>Kendall</strong> Jenner - Watch <strong>and</strong> Download <a class=\"twitter-timeline-link\" data-expanded-url=\"http://fb.me/4tCk0kjd2\" dir=\"ltr\" href=\"https://t.co/ZpifMps9cM\" rel=\"nofollow noopener\" target=\"_blank\" title=\"http://fb.me/4tCk0kjd2\"><span class=\"tco-ellipsis\"></span><span class=\"invisible\">http://</span><span class=\"js-display-url\">fb.me/4tCk0kjd2</span><span class=\"invisible\"></span><span class=\"tco-ellipsis\"><span class=\"invisible\">\u00a0</span></span></a></p>", "timestamp": "2017-04-05T10:57:13", "timestamp_epochs": 1491389833, "tweet_id": "849576654225555456", "tweet_url": "/dorotvent/status/849576654225555456", "user_id": "387243448", "username": "DoroTV Ent.", "video_url": ""}, {"has_media": true, "hashtags": [], "img_urls": ["https://pbs.twimg.com/media/C8oEKR0XoAA5LXo.jpg"], "is_replied": false, "is_reply_to": false, "likes": 0, "links": [], "parent_tweet_id": "", "replies": 0, "reply_to_users": [], "retweets": 0, "screen_name": "blknetflix", "text": "**waving hands**: did y'all see at the end of the @pepsi and Kendall commercial some ad team wrote  \"Live for now\" as a BLM slogan.... pic.twitter.com/pngWQDo7v6", "text_html": "<p class=\"TweetTextSize js-tweet-text tweet-text\" data-aria-label-part=\"0\" lang=\"en\">**waving hands**: did y'all see at the end of the <a class=\"twitter-atreply pretty-link js-nav\" data-mentioned-user-id=\"18139619\" dir=\"ltr\" href=\"/pepsi\"><s>@</s><b>pepsi</b></a> <strong>and</strong> <strong>Kendall</strong> commercial some ad team wrote  \"<strong>Live for now</strong>\" as a BLM slogan....<img alt=\"\ud83d\ude12\" aria-label=\"Emoji: Unamused face\" class=\"Emoji Emoji--forText\" draggable=\"false\" src=\"https://abs.twimg.com/emoji/v2/72x72/1f612.png\" title=\"Unamused face\"/> <a class=\"twitter-timeline-link u-hidden\" data-pre-embedded=\"true\" dir=\"ltr\" href=\"https://t.co/pngWQDo7v6\">pic.twitter.com/pngWQDo7v6</a></p>", "timestamp": "2017-04-05T05:36:58", "timestamp_epochs": 1491370618, "tweet_id": "849496061672640512", "tweet_url": "/blknetflix/status/849496061672640512", "user_id": "1661137190", "username": "BlackFilmsonNetflix", "video_url": ""}, {"has_media": false, "hashtags": [], "img_urls": [], "is_replied": false, "is_reply_to": false, "likes": 1, "links": ["https://twitter.com/i/moments/849373759240884224", "https://twitter.com/i/moments/849373759240884224"], "parent_tweet_id": "", "replies": 0, "reply_to_users": [], "retweets": 1, "screen_name": "Roxanne_council", "text": "\"Live for now?!\" Implying?....\n\nhttps://twitter.com/i/moments/849373759240884224\u00a0\u2026 \u201cBacklash hits Pepsi and Kendall Jenner for tone-deaf ad\u201d\n\nhttps://twitter.com/i/moments/849373759240884224\u00a0\u2026", "text_html": "<p class=\"TweetTextSize js-tweet-text tweet-text\" data-aria-label-part=\"0\" lang=\"en\">\"<strong>Live for now</strong>?!\" Implying?....\n\n<a class=\"twitter-timeline-link\" data-expanded-url=\"https://twitter.com/i/moments/849373759240884224\" dir=\"ltr\" href=\"https://t.co/GkmYQNsAvM\" rel=\"nofollow noopener\" target=\"_blank\" title=\"https://twitter.com/i/moments/849373759240884224\"><span class=\"tco-ellipsis\"></span><span class=\"invisible\">https://</span><span class=\"js-display-url\">twitter.com/i/moments/8493</span><span class=\"invisible\">73759240884224</span><span class=\"tco-ellipsis\"><span class=\"invisible\">\u00a0</span>\u2026</span></a><img alt=\"\u26a1\ufe0f\" aria-label=\"Emoji: High voltage sign\" class=\"Emoji Emoji--forText\" draggable=\"false\" src=\"https://abs.twimg.com/emoji/v2/72x72/26a1.png\" title=\"High voltage sign\"/> \u201cBacklash hits Pepsi <strong>and</strong> <strong>Kendall</strong> Jenner for tone-deaf ad\u201d\n\n<a class=\"twitter-timeline-link\" data-expanded-url=\"https://twitter.com/i/moments/849373759240884224\" dir=\"ltr\" href=\"https://t.co/GkmYQNsAvM\" rel=\"nofollow noopener\" target=\"_blank\" title=\"https://twitter.com/i/moments/849373759240884224\"><span class=\"tco-ellipsis\"></span><span class=\"invisible\">https://</span><span class=\"js-display-url\">twitter.com/i/moments/8493</span><span class=\"invisible\">73759240884224</span><span class=\"tco-ellipsis\"><span class=\"invisible\">\u00a0</span>\u2026</span></a></p>", "timestamp": "2017-04-05T02:17:10", "timestamp_epochs": 1491358630, "tweet_id": "849445781635571712", "tweet_url": "/Roxanne_council/status/849445781635571712", "user_id": "1713602706", "username": "Roxanne Williams", "video_url": ""}]