[{"has_media": false, "hashtags": [], "img_urls": [], "is_replied": true, "is_reply_to": false, "likes": 1, "links": ["http://ift.tt/2o5Dh7b"], "parent_tweet_id": "", "replies": 1, "reply_to_users": [], "retweets": 1, "screen_name": "edeckers", "text": "Kendall Jenner and Pepsi: Live, For Now http://ift.tt/2o5Dh7b\u00a0", "text_html": "<p class=\"TweetTextSize js-tweet-text tweet-text\" data-aria-label-part=\"0\" lang=\"en\">Kendall Jenner <strong>and</strong> <strong>Pepsi</strong>: <strong>Live, For Now</strong> <a class=\"twitter-timeline-link\" data-expanded-url=\"http://ift.tt/2o5Dh7b\" dir=\"ltr\" href=\"https://t.co/6W6b4PMwUV\" rel=\"nofollow noopener\" target=\"_blank\" title=\"http://ift.tt/2o5Dh7b\"><span class=\"tco-ellipsis\"></span><span class=\"invisible\">http://</span><span class=\"js-display-url\">ift.tt/2o5Dh7b</span><span class=\"invisible\"></span><span class=\"tco-ellipsis\"><span class=\"invisible\">\u00a0</span></span></a></p>", "timestamp": "2017-04-07T14:25:36", "timestamp_epochs": 1491575136, "tweet_id": "850353870224203776", "tweet_url": "/edeckers/status/850353870224203776", "user_id": "11417322", "username": "Erik Deckers", "video_url": ""}, {"has_media": false, "hashtags": [], "img_urls": [], "is_replied": true, "is_reply_to": false, "likes": 1, "links": ["http://ift.tt/2o5Dh7b"], "parent_tweet_id": "", "replies": 1, "reply_to_users": [], "retweets": 1, "screen_name": "edeckers", "text": "Kendall Jenner and Pepsi: Live, For Now http://ift.tt/2o5Dh7b\u00a0", "text_html": "<p class=\"TweetTextSize js-tweet-text tweet-text\" data-aria-label-part=\"0\" lang=\"en\">Kendall Jenner <strong>and</strong> <strong>Pepsi</strong>: <strong>Live, For Now</strong> <a class=\"twitter-timeline-link\" data-expanded-url=\"http://ift.tt/2o5Dh7b\" dir=\"ltr\" href=\"https://t.co/6W6b4PMwUV\" rel=\"nofollow noopener\" target=\"_blank\" title=\"http://ift.tt/2o5Dh7b\"><span class=\"tco-ellipsis\"></span><span class=\"invisible\">http://</span><span class=\"js-display-url\">ift.tt/2o5Dh7b</span><span class=\"invisible\"></span><span class=\"tco-ellipsis\"><span class=\"invisible\">\u00a0</span></span></a></p>", "timestamp": "2017-04-07T14:25:36", "timestamp_epochs": 1491575136, "tweet_id": "850353870224203776", "tweet_url": "/edeckers/status/850353870224203776", "user_id": "11417322", "username": "Erik Deckers", "video_url": ""}, {"has_media": false, "hashtags": [], "img_urls": [], "is_replied": false, "is_reply_to": false, "likes": 1, "links": [], "parent_tweet_id": "", "replies": 0, "reply_to_users": [], "retweets": 1, "screen_name": "Fufu_Esq", "text": "Kendall was able to walk right up to a cop and hand him a pepsi with a smile.\n\"Live for now\"\nBlack people have died for less pepsi wyd", "text_html": "<p class=\"TweetTextSize js-tweet-text tweet-text\" data-aria-label-part=\"0\" lang=\"en\">Kendall was able to walk right up to a cop <strong>and</strong> hand him a <strong>pepsi</strong> with a smile.\n\"<strong>Live for now</strong>\"\nBlack people have died for less <strong>pepsi</strong> wyd</p>", "timestamp": "2017-04-04T23:43:13", "timestamp_epochs": 1491349393, "tweet_id": "849407035502469120", "tweet_url": "/Fufu_Esq/status/849407035502469120", "user_id": "388619355", "username": "Scythe B\u0394\u03a3", "video_url": ""}, {"has_media": false, "hashtags": [], "img_urls": [], "is_replied": false, "is_reply_to": false, "likes": 0, "links": [], "parent_tweet_id": "", "replies": 0, "reply_to_users": [], "retweets": 0, "screen_name": "drewalmighty", "text": "Coke: I want to teach the world to sing.\n\nPepsi: Live for now.\n\nIrn Bru: Come any closer laddie and I'll fuckin' nut ya!", "text_html": "<p class=\"TweetTextSize js-tweet-text tweet-text\" data-aria-label-part=\"0\" lang=\"en\">Coke: I want to teach the world to sing.\n\n<strong>Pepsi</strong>: <strong>Live for now</strong>.\n\nIrn Bru: Come any closer laddie <strong>and</strong> I'll fuckin' nut ya!</p>", "timestamp": "2017-04-04T23:40:19", "timestamp_epochs": 1491349219, "tweet_id": "849406307425824772", "tweet_url": "/drewalmighty/status/849406307425824772", "user_id": "20393957", "username": "Andy Routledge", "video_url": ""}, {"has_media": false, "hashtags": [], "img_urls": [], "is_replied": false, "is_reply_to": false, "likes": 5, "links": ["https://twitter.com/KrisJenner/status/849341537939058690"], "parent_tweet_id": "", "replies": 0, "reply_to_users": [], "retweets": 6, "screen_name": "Only4RM", "text": "Live for now because you may get shot and never make it home? I don't get this \"conversation.\" @pepsi https://twitter.com/KrisJenner/status/849341537939058690\u00a0\u2026", "text_html": "<p class=\"TweetTextSize js-tweet-text tweet-text\" data-aria-label-part=\"4\" lang=\"en\"><strong>Live for now</strong> because you may get shot <strong>and</strong> never make it home? I don't get this \"conversation.\" <a class=\"twitter-atreply pretty-link js-nav\" data-mentioned-user-id=\"18139619\" dir=\"ltr\" href=\"/pepsi\"><s>@</s><b><strong>pepsi</strong></b></a> <a class=\"twitter-timeline-link\" data-expanded-url=\"https://twitter.com/KrisJenner/status/849341537939058690\" dir=\"ltr\" href=\"https://t.co/MJxHcyThJh\" rel=\"nofollow noopener\" target=\"_blank\" title=\"https://twitter.com/KrisJenner/status/849341537939058690\"><span class=\"tco-ellipsis\"></span><span class=\"invisible\">https://</span><span class=\"js-display-url\">twitter.com/KrisJenner/sta</span><span class=\"invisible\">tus/849341537939058690</span><span class=\"tco-ellipsis\"><span class=\"invisible\">\u00a0</span>\u2026</span></a></p>", "timestamp": "2017-04-04T23:08:59", "timestamp_epochs": 1491347339, "tweet_id": "849398422893363200", "tweet_url": "/Only4RM/status/849398422893363200", "user_id": "60841112", "username": "\ud83c\uddfa\ud83c\uddf8\ud83c\udded\ud83c\uddf9 Only4RM \ud83c\udded\ud83c\uddf9\ud83c\uddfa\ud83c\uddf8", "video_url": ""}, {"has_media": false, "hashtags": [], "img_urls": [], "is_replied": false, "is_reply_to": false, "likes": 0, "links": [], "parent_tweet_id": "", "replies": 0, "reply_to_users": [], "retweets": 0, "screen_name": "fiveare", "text": ".@Pepsi ad: Kafka's the trial but at the end K and his executioners enjoy an ice cold Pepsi. With his final breath K says \"Live for Now\"", "text_html": "<p class=\"TweetTextSize js-tweet-text tweet-text\" data-aria-label-part=\"0\" lang=\"en\">.<a class=\"twitter-atreply pretty-link js-nav\" data-mentioned-user-id=\"18139619\" dir=\"ltr\" href=\"/pepsi\"><s>@</s><b><strong>Pepsi</strong></b></a> ad: Kafka's the trial but at the end K <strong>and</strong> his executioners enjoy an ice cold <strong>Pepsi</strong>. With his final breath K says \"<strong>Live for Now</strong>\"</p>", "timestamp": "2017-04-04T23:02:25", "timestamp_epochs": 1491346945, "tweet_id": "849396767787548675", "tweet_url": "/fiveare/status/849396767787548675", "user_id": "166314117", "username": "borders aren't real", "video_url": ""}, {"has_media": true, "hashtags": ["Pepsi"], "img_urls": ["https://pbs.twimg.com/media/C8ml1teXcAA_q7d.jpg"], "is_replied": false, "is_reply_to": false, "likes": 1, "links": [], "parent_tweet_id": "", "replies": 0, "reply_to_users": [], "retweets": 0, "screen_name": "SarahisSorry", "text": "\"Live Bolder, Live Louder, Live for Now...because our product causes heart disease and diabetes.\" -more reasons this #Pepsi ad is ridiculous pic.twitter.com/7j9vOusFVH", "text_html": "<p class=\"TweetTextSize js-tweet-text tweet-text\" data-aria-label-part=\"0\" lang=\"en\">\"Live Bolder, Live Louder, <strong>Live for Now</strong>...because our product causes heart disease <strong>and</strong> diabetes.\" -more reasons this <a class=\"twitter-hashtag pretty-link js-nav\" data-query-source=\"hashtag_click\" dir=\"ltr\" href=\"/hashtag/Pepsi?src=hash\"><s>#</s><b><strong>Pepsi</strong></b></a> ad is ridiculous <a class=\"twitter-timeline-link u-hidden\" data-pre-embedded=\"true\" dir=\"ltr\" href=\"https://t.co/7j9vOusFVH\">pic.twitter.com/7j9vOusFVH</a></p>", "timestamp": "2017-04-04T22:44:53", "timestamp_epochs": 1491345893, "tweet_id": "849392356658999296", "tweet_url": "/SarahisSorry/status/849392356658999296", "user_id": "367762116", "username": "Sarah!", "video_url": ""}, {"has_media": false, "hashtags": [], "img_urls": [], "is_replied": false, "is_reply_to": false, "likes": 1, "links": [], "parent_tweet_id": "", "replies": 0, "reply_to_users": [], "retweets": 1, "screen_name": "Fufu_Esq", "text": "Kendall was able to walk right up to a cop and hand him a pepsi with a smile.\n\"Live for now\"\nBlack people have died for less pepsi wyd", "text_html": "<p class=\"TweetTextSize js-tweet-text tweet-text\" data-aria-label-part=\"0\" lang=\"en\">Kendall was able to walk right up to a cop <strong>and</strong> hand him a <strong>pepsi</strong> with a smile.\n\"<strong>Live for now</strong>\"\nBlack people have died for less <strong>pepsi</strong> wyd</p>", "timestamp": "2017-04-04T23:43:13", "timestamp_epochs": 1491349393, "tweet_id": "849407035502469120", "tweet_url": "/Fufu_Esq/status/849407035502469120", "user_id": "388619355", "username": "Scythe B\u0394\u03a3", "video_url": ""}, {"has_media": false, "hashtags": [], "img_urls": [], "is_replied": false, "is_reply_to": false, "likes": 0, "links": [], "parent_tweet_id": "", "replies": 0, "reply_to_users": [], "retweets": 0, "screen_name": "drewalmighty", "text": "Coke: I want to teach the world to sing.\n\nPepsi: Live for now.\n\nIrn Bru: Come any closer laddie and I'll fuckin' nut ya!", "text_html": "<p class=\"TweetTextSize js-tweet-text tweet-text\" data-aria-label-part=\"0\" lang=\"en\">Coke: I want to teach the world to sing.\n\n<strong>Pepsi</strong>: <strong>Live for now</strong>.\n\nIrn Bru: Come any closer laddie <strong>and</strong> I'll fuckin' nut ya!</p>", "timestamp": "2017-04-04T23:40:19", "timestamp_epochs": 1491349219, "tweet_id": "849406307425824772", "tweet_url": "/drewalmighty/status/849406307425824772", "user_id": "20393957", "username": "Andy Routledge", "video_url": ""}, {"has_media": false, "hashtags": [], "img_urls": [], "is_replied": false, "is_reply_to": false, "likes": 5, "links": ["https://twitter.com/KrisJenner/status/849341537939058690"], "parent_tweet_id": "", "replies": 0, "reply_to_users": [], "retweets": 6, "screen_name": "Only4RM", "text": "Live for now because you may get shot and never make it home? I don't get this \"conversation.\" @pepsi https://twitter.com/KrisJenner/status/849341537939058690\u00a0\u2026", "text_html": "<p class=\"TweetTextSize js-tweet-text tweet-text\" data-aria-label-part=\"4\" lang=\"en\"><strong>Live for now</strong> because you may get shot <strong>and</strong> never make it home? I don't get this \"conversation.\" <a class=\"twitter-atreply pretty-link js-nav\" data-mentioned-user-id=\"18139619\" dir=\"ltr\" href=\"/pepsi\"><s>@</s><b><strong>pepsi</strong></b></a> <a class=\"twitter-timeline-link\" data-expanded-url=\"https://twitter.com/KrisJenner/status/849341537939058690\" dir=\"ltr\" href=\"https://t.co/MJxHcyThJh\" rel=\"nofollow noopener\" target=\"_blank\" title=\"https://twitter.com/KrisJenner/status/849341537939058690\"><span class=\"tco-ellipsis\"></span><span class=\"invisible\">https://</span><span class=\"js-display-url\">twitter.com/KrisJenner/sta</span><span class=\"invisible\">tus/849341537939058690</span><span class=\"tco-ellipsis\"><span class=\"invisible\">\u00a0</span>\u2026</span></a></p>", "timestamp": "2017-04-04T23:08:59", "timestamp_epochs": 1491347339, "tweet_id": "849398422893363200", "tweet_url": "/Only4RM/status/849398422893363200", "user_id": "60841112", "username": "\ud83c\uddfa\ud83c\uddf8\ud83c\udded\ud83c\uddf9 Only4RM \ud83c\udded\ud83c\uddf9\ud83c\uddfa\ud83c\uddf8", "video_url": ""}, {"has_media": false, "hashtags": [], "img_urls": [], "is_replied": false, "is_reply_to": false, "likes": 0, "links": [], "parent_tweet_id": "", "replies": 0, "reply_to_users": [], "retweets": 0, "screen_name": "fiveare", "text": ".@Pepsi ad: Kafka's the trial but at the end K and his executioners enjoy an ice cold Pepsi. With his final breath K says \"Live for Now\"", "text_html": "<p class=\"TweetTextSize js-tweet-text tweet-text\" data-aria-label-part=\"0\" lang=\"en\">.<a class=\"twitter-atreply pretty-link js-nav\" data-mentioned-user-id=\"18139619\" dir=\"ltr\" href=\"/pepsi\"><s>@</s><b><strong>Pepsi</strong></b></a> ad: Kafka's the trial but at the end K <strong>and</strong> his executioners enjoy an ice cold <strong>Pepsi</strong>. With his final breath K says \"<strong>Live for Now</strong>\"</p>", "timestamp": "2017-04-04T23:02:25", "timestamp_epochs": 1491346945, "tweet_id": "849396767787548675", "tweet_url": "/fiveare/status/849396767787548675", "user_id": "166314117", "username": "borders aren't real", "video_url": ""}, {"has_media": true, "hashtags": ["Pepsi"], "img_urls": ["https://pbs.twimg.com/media/C8ml1teXcAA_q7d.jpg"], "is_replied": false, "is_reply_to": false, "likes": 1, "links": [], "parent_tweet_id": "", "replies": 0, "reply_to_users": [], "retweets": 0, "screen_name": "SarahisSorry", "text": "\"Live Bolder, Live Louder, Live for Now...because our product causes heart disease and diabetes.\" -more reasons this #Pepsi ad is ridiculous pic.twitter.com/7j9vOusFVH", "text_html": "<p class=\"TweetTextSize js-tweet-text tweet-text\" data-aria-label-part=\"0\" lang=\"en\">\"Live Bolder, Live Louder, <strong>Live for Now</strong>...because our product causes heart disease <strong>and</strong> diabetes.\" -more reasons this <a class=\"twitter-hashtag pretty-link js-nav\" data-query-source=\"hashtag_click\" dir=\"ltr\" href=\"/hashtag/Pepsi?src=hash\"><s>#</s><b><strong>Pepsi</strong></b></a> ad is ridiculous <a class=\"twitter-timeline-link u-hidden\" data-pre-embedded=\"true\" dir=\"ltr\" href=\"https://t.co/7j9vOusFVH\">pic.twitter.com/7j9vOusFVH</a></p>", "timestamp": "2017-04-04T22:44:53", "timestamp_epochs": 1491345893, "tweet_id": "849392356658999296", "tweet_url": "/SarahisSorry/status/849392356658999296", "user_id": "367762116", "username": "Sarah!", "video_url": ""}, {"has_media": false, "hashtags": ["KendalJenner", "ascj200"], "img_urls": [], "is_replied": false, "is_reply_to": false, "likes": 0, "links": [], "parent_tweet_id": "", "replies": 0, "reply_to_users": [], "retweets": 0, "screen_name": "SHofherr", "text": "Pepsi commercial just launched, hope everyone enjoys the message and the song featured, \u201cLive for Now Moments Anthem\" #KendalJenner #ascj200", "text_html": "<p class=\"TweetTextSize js-tweet-text tweet-text\" data-aria-label-part=\"0\" lang=\"en\"><strong>Pepsi</strong> commercial just launched, hope everyone enjoys the message <strong>and</strong> the song featured, \u201c<strong>Live for Now</strong> Moments Anthem\" <a class=\"twitter-hashtag pretty-link js-nav\" data-query-source=\"hashtag_click\" dir=\"ltr\" href=\"/hashtag/KendalJenner?src=hash\"><s>#</s><b>KendalJenner</b></a> <a class=\"twitter-hashtag pretty-link js-nav\" data-query-source=\"hashtag_click\" dir=\"ltr\" href=\"/hashtag/ascj200?src=hash\"><s>#</s><b>ascj200</b></a></p>", "timestamp": "2017-04-06T22:00:14", "timestamp_epochs": 1491516014, "tweet_id": "850105894276706304", "tweet_url": "/SHofherr/status/850105894276706304", "user_id": "819636565093646336", "username": "Samantha Hofherr", "video_url": ""}, {"has_media": false, "hashtags": [], "img_urls": [], "is_replied": true, "is_reply_to": false, "likes": 3, "links": [], "parent_tweet_id": "", "replies": 1, "reply_to_users": [], "retweets": 0, "screen_name": "marissastphnsn", "text": "Along with everything else wrong with it, did anyone else read the tagline in that Pepsi commercial \"live for now\" and think about diabetes?", "text_html": "<p class=\"TweetTextSize js-tweet-text tweet-text\" data-aria-label-part=\"0\" lang=\"en\">Along with everything else wrong with it, did anyone else read the tagline in that <strong>Pepsi</strong> commercial \"<strong>live for now</strong>\" <strong>and</strong> think about diabetes?</p>", "timestamp": "2017-04-06T20:03:31", "timestamp_epochs": 1491509011, "tweet_id": "850076525194080257", "tweet_url": "/marissastphnsn/status/850076525194080257", "user_id": "205780572", "username": "Marissa Stephenson", "video_url": ""}, {"has_media": false, "hashtags": ["Pepsi", "Livefornow"], "img_urls": [], "is_replied": false, "is_reply_to": false, "likes": 1, "links": [], "parent_tweet_id": "", "replies": 0, "reply_to_users": [], "retweets": 0, "screen_name": "D33munni", "text": "#Pepsi, #Livefornow.\nWell, I'll give you this much - that was ballsy. Well done and the best of luck to everyone involved. Live, for now...", "text_html": "<p class=\"TweetTextSize js-tweet-text tweet-text\" data-aria-label-part=\"0\" lang=\"en\"><a class=\"twitter-hashtag pretty-link js-nav\" data-query-source=\"hashtag_click\" dir=\"ltr\" href=\"/hashtag/Pepsi?src=hash\"><s>#</s><b><strong>Pepsi</strong></b></a>, <a class=\"twitter-hashtag pretty-link js-nav\" data-query-source=\"hashtag_click\" dir=\"ltr\" href=\"/hashtag/Livefornow?src=hash\"><s>#</s><b>Livefornow</b></a>.\nWell, I'll give you this much - that was ballsy. Well done <strong>and</strong> the best of luck to everyone involved. <strong>Live, for now</strong>...</p>", "timestamp": "2017-04-06T13:04:33", "timestamp_epochs": 1491483873, "tweet_id": "849971087798677504", "tweet_url": "/D33munni/status/849971087798677504", "user_id": "395936655", "username": "Marketing_s_Mad", "video_url": ""}, {"has_media": true, "hashtags": ["altpepsipic"], "img_urls": ["https://pbs.twimg.com/media/C8uuvrGWsAQOVAT.jpg"], "is_replied": false, "is_reply_to": false, "likes": 1, "links": [], "parent_tweet_id": "", "replies": 0, "reply_to_users": [], "retweets": 1, "screen_name": "AltHistoryToday", "text": "2017: \"Live for Now\" campaign ends after Pepsi and Kendall Jenner end racism, xenophobia; community policing new currency of realm #altpepsipic.twitter.com/hKeWuS6qKL", "text_html": "<p class=\"TweetTextSize js-tweet-text tweet-text\" data-aria-label-part=\"0\" lang=\"en\">2017: \"<strong>Live for Now</strong>\" campaign ends after <strong>Pepsi</strong> <strong>and</strong> Kendall Jenner end racism, xenophobia; community policing new currency of realm <a class=\"twitter-hashtag pretty-link js-nav\" data-query-source=\"hashtag_click\" dir=\"ltr\" href=\"/hashtag/altpepsi?src=hash\"><s>#</s><b>altpepsi</b></a><a class=\"twitter-timeline-link u-hidden\" data-pre-embedded=\"true\" dir=\"ltr\" href=\"https://t.co/hKeWuS6qKL\">pic.twitter.com/hKeWuS6qKL</a></p>", "timestamp": "2017-04-06T12:40:44", "timestamp_epochs": 1491482444, "tweet_id": "849965093639081985", "tweet_url": "/AltHistoryToday/status/849965093639081985", "user_id": "833833166058160128", "username": "Alt History Today, Tomorrow, Forever", "video_url": ""}, {"has_media": false, "hashtags": ["PEPSI", "SodaIsTerrible", "LSSC", "KendallJenner"], "img_urls": [], "is_replied": false, "is_reply_to": false, "likes": 2, "links": [], "parent_tweet_id": "", "replies": 0, "reply_to_users": [], "retweets": 0, "screen_name": "alambster", "text": "Yes we can of #PEPSI! Live for now and die of type 2 diabetes later. #SodaIsTerrible #LSSC #KendallJenner", "text_html": "<p class=\"TweetTextSize js-tweet-text tweet-text\" data-aria-label-part=\"0\" lang=\"en\">Yes we can of <a class=\"twitter-hashtag pretty-link js-nav\" data-query-source=\"hashtag_click\" dir=\"ltr\" href=\"/hashtag/PEPSI?src=hash\"><s>#</s><b><strong>PEPSI</strong></b></a>! <strong>Live for now</strong> <strong>and</strong> die of type 2 diabetes later. <a class=\"twitter-hashtag pretty-link js-nav\" data-query-source=\"hashtag_click\" dir=\"ltr\" href=\"/hashtag/SodaIsTerrible?src=hash\"><s>#</s><b>SodaIsTerrible</b></a> <a class=\"twitter-hashtag pretty-link js-nav\" data-query-source=\"hashtag_click\" dir=\"ltr\" href=\"/hashtag/LSSC?src=hash\"><s>#</s><b>LSSC</b></a> <a class=\"twitter-hashtag pretty-link js-nav\" data-query-source=\"hashtag_click\" dir=\"ltr\" href=\"/hashtag/KendallJenner?src=hash\"><s>#</s><b>KendallJenner</b></a></p>", "timestamp": "2017-04-06T11:49:58", "timestamp_epochs": 1491479398, "tweet_id": "849952317428441088", "tweet_url": "/alambster/status/849952317428441088", "user_id": "175175633", "username": "lambsquarters", "video_url": ""}, {"has_media": false, "hashtags": [], "img_urls": [], "is_replied": false, "is_reply_to": false, "likes": 0, "links": ["http://indianews23.com/blog/kendall-jenner-is-blonde-and-rebellious-in-pepsis-new-live-for-now-moments-anthem-ad-watch/"], "parent_tweet_id": "", "replies": 0, "reply_to_users": [], "retweets": 0, "screen_name": "indianews23", "text": "Kendall Jenner is Blonde and Rebellious in Pepsi's New 'Live For Now Moments Anthem' Ad - Watch! - http://indianews23.com/blog/kendall-jenner-is-blonde-and-rebellious-in-pepsis-new-live-for-now-moments-anthem-ad-watch/\u00a0\u2026", "text_html": "<p class=\"TweetTextSize js-tweet-text tweet-text\" data-aria-label-part=\"0\" lang=\"en\">Kendall Jenner is Blonde <strong>and</strong> Rebellious in <strong>Pepsi</strong>'s New '<strong>Live For Now</strong> Moments Anthem' Ad - Watch! - <a class=\"twitter-timeline-link\" data-expanded-url=\"http://indianews23.com/blog/kendall-jenner-is-blonde-and-rebellious-in-pepsis-new-live-for-now-moments-anthem-ad-watch/\" dir=\"ltr\" href=\"https://t.co/m6eQOVC9Zk\" rel=\"nofollow noopener\" target=\"_blank\" title=\"http://indianews23.com/blog/kendall-jenner-is-blonde-and-rebellious-in-pepsis-new-live-for-now-moments-anthem-ad-watch/\"><span class=\"tco-ellipsis\"></span><span class=\"invisible\">http://</span><span class=\"js-display-url\">indianews23.com/blog/kendall-j</span><span class=\"invisible\">enner-is-blonde-and-rebellious-in-pepsis-new-live-for-now-moments-anthem-ad-watch/</span><span class=\"tco-ellipsis\"><span class=\"invisible\">\u00a0</span>\u2026</span></a></p>", "timestamp": "2017-04-06T06:02:44", "timestamp_epochs": 1491458564, "tweet_id": "849864931948343296", "tweet_url": "/indianews23/status/849864931948343296", "user_id": "845368388666974210", "username": "Indianews23", "video_url": ""}, {"has_media": false, "hashtags": [], "img_urls": [], "is_replied": true, "is_reply_to": false, "likes": 5, "links": [], "parent_tweet_id": "", "replies": 1, "reply_to_users": [], "retweets": 0, "screen_name": "hondanhon", "text": "Join The Conversation And Live For Now With Mastodon.Pepsi", "text_html": "<p class=\"TweetTextSize js-tweet-text tweet-text\" data-aria-label-part=\"0\" lang=\"en\">Join The Conversation <strong>And</strong> <strong>Live For Now</strong> With Mastodon.<strong>Pepsi</strong></p>", "timestamp": "2017-04-06T04:38:56", "timestamp_epochs": 1491453536, "tweet_id": "849843845969752065", "tweet_url": "/hondanhon/status/849843845969752065", "user_id": "32124032", "username": "Dan Hon @ Code for America Summit \ud83e\uddd1\ud83c\udffb\u200d\ud83d\udcbb Online!", "video_url": ""}, {"has_media": false, "hashtags": [], "img_urls": [], "is_replied": false, "is_reply_to": false, "likes": 1, "links": ["https://twitter.com/RedactedTonight/status/849728260703498240"], "parent_tweet_id": "", "replies": 0, "reply_to_users": [], "retweets": 0, "screen_name": "keidekay", "text": "Live for now, because that future you were planning don't have time to play out. Have a Pepsi, and a smile! @leecamphttps://twitter.com/RedactedTonight/status/849728260703498240\u00a0\u2026", "text_html": "<p class=\"TweetTextSize js-tweet-text tweet-text\" data-aria-label-part=\"4\" lang=\"en\"><strong>Live for now</strong>, because that future you were planning don't have time to play out. Have a <strong>Pepsi</strong>, <strong>and</strong> a smile! <a class=\"twitter-atreply pretty-link js-nav\" data-mentioned-user-id=\"19580890\" dir=\"ltr\" href=\"/LeeCamp\"><s>@</s><b>leecamp</b></a><a class=\"twitter-timeline-link u-hidden\" data-expanded-url=\"https://twitter.com/RedactedTonight/status/849728260703498240\" dir=\"ltr\" href=\"https://t.co/ytyowso1Uj\" rel=\"nofollow noopener\" target=\"_blank\" title=\"https://twitter.com/RedactedTonight/status/849728260703498240\"><span class=\"tco-ellipsis\"></span><span class=\"invisible\">https://</span><span class=\"js-display-url\">twitter.com/RedactedTonigh</span><span class=\"invisible\">t/status/849728260703498240</span><span class=\"tco-ellipsis\"><span class=\"invisible\">\u00a0</span>\u2026</span></a></p>", "timestamp": "2017-04-06T04:21:20", "timestamp_epochs": 1491452480, "tweet_id": "849839417049141248", "tweet_url": "/keidekay/status/849839417049141248", "user_id": "738483854420279297", "username": "EndTheDuopoly #BerniesGonnaWin", "video_url": ""}, {"has_media": false, "hashtags": ["KendalJenner", "ascj200"], "img_urls": [], "is_replied": false, "is_reply_to": false, "likes": 0, "links": [], "parent_tweet_id": "", "replies": 0, "reply_to_users": [], "retweets": 0, "screen_name": "SHofherr", "text": "Pepsi commercial just launched, hope everyone enjoys the message and the song featured, \u201cLive for Now Moments Anthem\" #KendalJenner #ascj200", "text_html": "<p class=\"TweetTextSize js-tweet-text tweet-text\" data-aria-label-part=\"0\" lang=\"en\"><strong>Pepsi</strong> commercial just launched, hope everyone enjoys the message <strong>and</strong> the song featured, \u201c<strong>Live for Now</strong> Moments Anthem\" <a class=\"twitter-hashtag pretty-link js-nav\" data-query-source=\"hashtag_click\" dir=\"ltr\" href=\"/hashtag/KendalJenner?src=hash\"><s>#</s><b>KendalJenner</b></a> <a class=\"twitter-hashtag pretty-link js-nav\" data-query-source=\"hashtag_click\" dir=\"ltr\" href=\"/hashtag/ascj200?src=hash\"><s>#</s><b>ascj200</b></a></p>", "timestamp": "2017-04-06T22:00:14", "timestamp_epochs": 1491516014, "tweet_id": "850105894276706304", "tweet_url": "/SHofherr/status/850105894276706304", "user_id": "819636565093646336", "username": "Samantha Hofherr", "video_url": ""}, {"has_media": false, "hashtags": [], "img_urls": [], "is_replied": true, "is_reply_to": false, "likes": 3, "links": [], "parent_tweet_id": "", "replies": 1, "reply_to_users": [], "retweets": 0, "screen_name": "marissastphnsn", "text": "Along with everything else wrong with it, did anyone else read the tagline in that Pepsi commercial \"live for now\" and think about diabetes?", "text_html": "<p class=\"TweetTextSize js-tweet-text tweet-text\" data-aria-label-part=\"0\" lang=\"en\">Along with everything else wrong with it, did anyone else read the tagline in that <strong>Pepsi</strong> commercial \"<strong>live for now</strong>\" <strong>and</strong> think about diabetes?</p>", "timestamp": "2017-04-06T20:03:31", "timestamp_epochs": 1491509011, "tweet_id": "850076525194080257", "tweet_url": "/marissastphnsn/status/850076525194080257", "user_id": "205780572", "username": "Marissa Stephenson", "video_url": ""}, {"has_media": false, "hashtags": ["Pepsi", "Livefornow"], "img_urls": [], "is_replied": false, "is_reply_to": false, "likes": 1, "links": [], "parent_tweet_id": "", "replies": 0, "reply_to_users": [], "retweets": 0, "screen_name": "D33munni", "text": "#Pepsi, #Livefornow.\nWell, I'll give you this much - that was ballsy. Well done and the best of luck to everyone involved. Live, for now...", "text_html": "<p class=\"TweetTextSize js-tweet-text tweet-text\" data-aria-label-part=\"0\" lang=\"en\"><a class=\"twitter-hashtag pretty-link js-nav\" data-query-source=\"hashtag_click\" dir=\"ltr\" href=\"/hashtag/Pepsi?src=hash\"><s>#</s><b><strong>Pepsi</strong></b></a>, <a class=\"twitter-hashtag pretty-link js-nav\" data-query-source=\"hashtag_click\" dir=\"ltr\" href=\"/hashtag/Livefornow?src=hash\"><s>#</s><b>Livefornow</b></a>.\nWell, I'll give you this much - that was ballsy. Well done <strong>and</strong> the best of luck to everyone involved. <strong>Live, for now</strong>...</p>", "timestamp": "2017-04-06T13:04:33", "timestamp_epochs": 1491483873, "tweet_id": "849971087798677504", "tweet_url": "/D33munni/status/849971087798677504", "user_id": "395936655", "username": "Marketing_s_Mad", "video_url": ""}, {"has_media": true, "hashtags": ["altpepsipic"], "img_urls": ["https://pbs.twimg.com/media/C8uuvrGWsAQOVAT.jpg"], "is_replied": false, "is_reply_to": false, "likes": 1, "links": [], "parent_tweet_id": "", "replies": 0, "reply_to_users": [], "retweets": 1, "screen_name": "AltHistoryToday", "text": "2017: \"Live for Now\" campaign ends after Pepsi and Kendall Jenner end racism, xenophobia; community policing new currency of realm #altpepsipic.twitter.com/hKeWuS6qKL", "text_html": "<p class=\"TweetTextSize js-tweet-text tweet-text\" data-aria-label-part=\"0\" lang=\"en\">2017: \"<strong>Live for Now</strong>\" campaign ends after <strong>Pepsi</strong> <strong>and</strong> Kendall Jenner end racism, xenophobia; community policing new currency of realm <a class=\"twitter-hashtag pretty-link js-nav\" data-query-source=\"hashtag_click\" dir=\"ltr\" href=\"/hashtag/altpepsi?src=hash\"><s>#</s><b>altpepsi</b></a><a class=\"twitter-timeline-link u-hidden\" data-pre-embedded=\"true\" dir=\"ltr\" href=\"https://t.co/hKeWuS6qKL\">pic.twitter.com/hKeWuS6qKL</a></p>", "timestamp": "2017-04-06T12:40:44", "timestamp_epochs": 1491482444, "tweet_id": "849965093639081985", "tweet_url": "/AltHistoryToday/status/849965093639081985", "user_id": "833833166058160128", "username": "Alt History Today, Tomorrow, Forever", "video_url": ""}, {"has_media": false, "hashtags": ["PEPSI", "SodaIsTerrible", "LSSC", "KendallJenner"], "img_urls": [], "is_replied": false, "is_reply_to": false, "likes": 2, "links": [], "parent_tweet_id": "", "replies": 0, "reply_to_users": [], "retweets": 0, "screen_name": "alambster", "text": "Yes we can of #PEPSI! Live for now and die of type 2 diabetes later. #SodaIsTerrible #LSSC #KendallJenner", "text_html": "<p class=\"TweetTextSize js-tweet-text tweet-text\" data-aria-label-part=\"0\" lang=\"en\">Yes we can of <a class=\"twitter-hashtag pretty-link js-nav\" data-query-source=\"hashtag_click\" dir=\"ltr\" href=\"/hashtag/PEPSI?src=hash\"><s>#</s><b><strong>PEPSI</strong></b></a>! <strong>Live for now</strong> <strong>and</strong> die of type 2 diabetes later. <a class=\"twitter-hashtag pretty-link js-nav\" data-query-source=\"hashtag_click\" dir=\"ltr\" href=\"/hashtag/SodaIsTerrible?src=hash\"><s>#</s><b>SodaIsTerrible</b></a> <a class=\"twitter-hashtag pretty-link js-nav\" data-query-source=\"hashtag_click\" dir=\"ltr\" href=\"/hashtag/LSSC?src=hash\"><s>#</s><b>LSSC</b></a> <a class=\"twitter-hashtag pretty-link js-nav\" data-query-source=\"hashtag_click\" dir=\"ltr\" href=\"/hashtag/KendallJenner?src=hash\"><s>#</s><b>KendallJenner</b></a></p>", "timestamp": "2017-04-06T11:49:58", "timestamp_epochs": 1491479398, "tweet_id": "849952317428441088", "tweet_url": "/alambster/status/849952317428441088", "user_id": "175175633", "username": "lambsquarters", "video_url": ""}, {"has_media": false, "hashtags": [], "img_urls": [], "is_replied": false, "is_reply_to": false, "likes": 0, "links": ["http://indianews23.com/blog/kendall-jenner-is-blonde-and-rebellious-in-pepsis-new-live-for-now-moments-anthem-ad-watch/"], "parent_tweet_id": "", "replies": 0, "reply_to_users": [], "retweets": 0, "screen_name": "indianews23", "text": "Kendall Jenner is Blonde and Rebellious in Pepsi's New 'Live For Now Moments Anthem' Ad - Watch! - http://indianews23.com/blog/kendall-jenner-is-blonde-and-rebellious-in-pepsis-new-live-for-now-moments-anthem-ad-watch/\u00a0\u2026", "text_html": "<p class=\"TweetTextSize js-tweet-text tweet-text\" data-aria-label-part=\"0\" lang=\"en\">Kendall Jenner is Blonde <strong>and</strong> Rebellious in <strong>Pepsi</strong>'s New '<strong>Live For Now</strong> Moments Anthem' Ad - Watch! - <a class=\"twitter-timeline-link\" data-expanded-url=\"http://indianews23.com/blog/kendall-jenner-is-blonde-and-rebellious-in-pepsis-new-live-for-now-moments-anthem-ad-watch/\" dir=\"ltr\" href=\"https://t.co/m6eQOVC9Zk\" rel=\"nofollow noopener\" target=\"_blank\" title=\"http://indianews23.com/blog/kendall-jenner-is-blonde-and-rebellious-in-pepsis-new-live-for-now-moments-anthem-ad-watch/\"><span class=\"tco-ellipsis\"></span><span class=\"invisible\">http://</span><span class=\"js-display-url\">indianews23.com/blog/kendall-j</span><span class=\"invisible\">enner-is-blonde-and-rebellious-in-pepsis-new-live-for-now-moments-anthem-ad-watch/</span><span class=\"tco-ellipsis\"><span class=\"invisible\">\u00a0</span>\u2026</span></a></p>", "timestamp": "2017-04-06T06:02:44", "timestamp_epochs": 1491458564, "tweet_id": "849864931948343296", "tweet_url": "/indianews23/status/849864931948343296", "user_id": "845368388666974210", "username": "Indianews23", "video_url": ""}, {"has_media": false, "hashtags": [], "img_urls": [], "is_replied": true, "is_reply_to": false, "likes": 5, "links": [], "parent_tweet_id": "", "replies": 1, "reply_to_users": [], "retweets": 0, "screen_name": "hondanhon", "text": "Join The Conversation And Live For Now With Mastodon.Pepsi", "text_html": "<p class=\"TweetTextSize js-tweet-text tweet-text\" data-aria-label-part=\"0\" lang=\"en\">Join The Conversation <strong>And</strong> <strong>Live For Now</strong> With Mastodon.<strong>Pepsi</strong></p>", "timestamp": "2017-04-06T04:38:56", "timestamp_epochs": 1491453536, "tweet_id": "849843845969752065", "tweet_url": "/hondanhon/status/849843845969752065", "user_id": "32124032", "username": "Dan Hon @ Code for America Summit \ud83e\uddd1\ud83c\udffb\u200d\ud83d\udcbb Online!", "video_url": ""}, {"has_media": false, "hashtags": [], "img_urls": [], "is_replied": false, "is_reply_to": false, "likes": 1, "links": ["https://twitter.com/RedactedTonight/status/849728260703498240"], "parent_tweet_id": "", "replies": 0, "reply_to_users": [], "retweets": 0, "screen_name": "keidekay", "text": "Live for now, because that future you were planning don't have time to play out. Have a Pepsi, and a smile! @leecamphttps://twitter.com/RedactedTonight/status/849728260703498240\u00a0\u2026", "text_html": "<p class=\"TweetTextSize js-tweet-text tweet-text\" data-aria-label-part=\"4\" lang=\"en\"><strong>Live for now</strong>, because that future you were planning don't have time to play out. Have a <strong>Pepsi</strong>, <strong>and</strong> a smile! <a class=\"twitter-atreply pretty-link js-nav\" data-mentioned-user-id=\"19580890\" dir=\"ltr\" href=\"/LeeCamp\"><s>@</s><b>leecamp</b></a><a class=\"twitter-timeline-link u-hidden\" data-expanded-url=\"https://twitter.com/RedactedTonight/status/849728260703498240\" dir=\"ltr\" href=\"https://t.co/ytyowso1Uj\" rel=\"nofollow noopener\" target=\"_blank\" title=\"https://twitter.com/RedactedTonight/status/849728260703498240\"><span class=\"tco-ellipsis\"></span><span class=\"invisible\">https://</span><span class=\"js-display-url\">twitter.com/RedactedTonigh</span><span class=\"invisible\">t/status/849728260703498240</span><span class=\"tco-ellipsis\"><span class=\"invisible\">\u00a0</span>\u2026</span></a></p>", "timestamp": "2017-04-06T04:21:20", "timestamp_epochs": 1491452480, "tweet_id": "849839417049141248", "tweet_url": "/keidekay/status/849839417049141248", "user_id": "738483854420279297", "username": "EndTheDuopoly #BerniesGonnaWin", "video_url": ""}, {"has_media": false, "hashtags": ["Pepsi"], "img_urls": [], "is_replied": false, "is_reply_to": false, "likes": 0, "links": [], "parent_tweet_id": "", "replies": 0, "reply_to_users": [], "retweets": 0, "screen_name": "maddishmaat", "text": "Only when we begin to Live For Now and unite under #Pepsi will the world know true peace! ", "text_html": "<p class=\"TweetTextSize js-tweet-text tweet-text\" data-aria-label-part=\"0\" lang=\"en\">Only when we begin to <strong>Live For Now</strong> <strong>and</strong> unite under <a class=\"twitter-hashtag pretty-link js-nav\" data-query-source=\"hashtag_click\" dir=\"ltr\" href=\"/hashtag/Pepsi?src=hash\"><s>#</s><b><strong>Pepsi</strong></b></a> will the world know true peace! <img alt=\"\ud83d\ude44\" aria-label=\"Emoji: Face with rolling eyes\" class=\"Emoji Emoji--forText\" draggable=\"false\" src=\"https://abs.twimg.com/emoji/v2/72x72/1f644.png\" title=\"Face with rolling eyes\"/></p>", "timestamp": "2017-04-05T22:04:47", "timestamp_epochs": 1491429887, "tweet_id": "849744654157324289", "tweet_url": "/maddishmaat/status/849744654157324289", "user_id": "1966084694", "username": "Maddish MAAT", "video_url": ""}, {"has_media": false, "hashtags": [], "img_urls": [], "is_replied": false, "is_reply_to": false, "likes": 0, "links": ["https://twitter.com/ewmealer/status/849741640906485760"], "parent_tweet_id": "", "replies": 0, "reply_to_users": [], "retweets": 0, "screen_name": "jimcampy", "text": "Yes ewhile she joined a protest then stoped gave pepsi to officer protest stops and yells live for now. https://twitter.com/ewmealer/status/849741640906485760\u00a0\u2026", "text_html": "<p class=\"TweetTextSize js-tweet-text tweet-text\" data-aria-label-part=\"4\" lang=\"en\">Yes ewhile she joined a protest then stoped gave <strong>pepsi</strong> to officer protest stops <strong>and</strong> yells <strong>live for now</strong>. <a class=\"twitter-timeline-link\" data-expanded-url=\"https://twitter.com/ewmealer/status/849741640906485760\" dir=\"ltr\" href=\"https://t.co/tpLZdQjduU\" rel=\"nofollow noopener\" target=\"_blank\" title=\"https://twitter.com/ewmealer/status/849741640906485760\"><span class=\"tco-ellipsis\"></span><span class=\"invisible\">https://</span><span class=\"js-display-url\">twitter.com/ewmealer/statu</span><span class=\"invisible\">s/849741640906485760</span><span class=\"tco-ellipsis\"><span class=\"invisible\">\u00a0</span>\u2026</span></a></p>", "timestamp": "2017-04-05T21:57:17", "timestamp_epochs": 1491429437, "tweet_id": "849742764174700547", "tweet_url": "/jimcampy/status/849742764174700547", "user_id": "205656945", "username": "jim campbell", "video_url": ""}, {"has_media": false, "hashtags": [], "img_urls": [], "is_replied": false, "is_reply_to": true, "likes": 1, "links": [], "parent_tweet_id": "849401201095520257", "replies": 0, "reply_to_users": [{"screen_name": "MongoIndustries", "user_id": "489396705"}, {"screen_name": "stuartenyt", "user_id": "107234633"}, {"screen_name": "pepsi", "user_id": "18139619"}], "retweets": 0, "screen_name": "nickhaley", "text": "Set fire to the entire budget on camera in notes and watch it burn. \n\nsuper: LIVE FOR NOW.", "text_html": "<p class=\"TweetTextSize js-tweet-text tweet-text\" data-aria-label-part=\"0\" lang=\"en\">Set fire to the entire budget on camera in notes <strong>and</strong> watch it burn. \n\nsuper: <strong>LIVE FOR NOW</strong>.</p>", "timestamp": "2017-04-05T20:34:55", "timestamp_epochs": 1491424495, "tweet_id": "849722035773333505", "tweet_url": "/nickhaley/status/849722035773333505", "user_id": "43717506", "username": "nick haley", "video_url": ""}, {"has_media": false, "hashtags": ["Kendallpepsiad"], "img_urls": [], "is_replied": false, "is_reply_to": false, "likes": 0, "links": [], "parent_tweet_id": "", "replies": 0, "reply_to_users": [], "retweets": 0, "screen_name": "GospelGameShow", "text": "Pepsi pulled the controversial \"Live For Now\" ad starring Kendall Jenner and issued a public apology after online backlash. #Kendallpepsiad", "text_html": "<p class=\"TweetTextSize js-tweet-text tweet-text\" data-aria-label-part=\"0\" lang=\"en\"><strong>Pepsi</strong> pulled the controversial \"<strong>Live For Now</strong>\" ad starring Kendall Jenner <strong>and</strong> issued a public apology after online backlash. <a class=\"twitter-hashtag pretty-link js-nav\" data-query-source=\"hashtag_click\" dir=\"ltr\" href=\"/hashtag/Kendallpepsiad?src=hash\"><s>#</s><b>Kendallpepsiad</b></a></p>", "timestamp": "2017-04-05T20:31:14", "timestamp_epochs": 1491424274, "tweet_id": "849721109792473088", "tweet_url": "/GospelGameShow/status/849721109792473088", "user_id": "555701557", "username": "GospelGameShowTV", "video_url": ""}, {"has_media": true, "hashtags": ["Pepsi"], "img_urls": ["https://pbs.twimg.com/media/C8qyVYCXsAgDRI1.jpg"], "is_replied": true, "is_reply_to": false, "likes": 1, "links": [], "parent_tweet_id": "", "replies": 1, "reply_to_users": [], "retweets": 0, "screen_name": "TheNewJediOrder", "text": "*loots 2 liter #Pepsi and pours it onto cop car*  LIVE FOR NOW!! pic.twitter.com/mfV4EWmZGW", "text_html": "<p class=\"TweetTextSize js-tweet-text tweet-text\" data-aria-label-part=\"0\" lang=\"en\">*loots 2 liter <a class=\"twitter-hashtag pretty-link js-nav\" data-query-source=\"hashtag_click\" dir=\"ltr\" href=\"/hashtag/Pepsi?src=hash\"><s>#</s><b><strong>Pepsi</strong></b></a> <strong>and</strong> pours it onto cop car*  <strong>LIVE FOR NOW</strong>!! <a class=\"twitter-timeline-link u-hidden\" data-pre-embedded=\"true\" dir=\"ltr\" href=\"https://t.co/mfV4EWmZGW\">pic.twitter.com/mfV4EWmZGW</a></p>", "timestamp": "2017-04-05T18:18:01", "timestamp_epochs": 1491416281, "tweet_id": "849687584133525504", "tweet_url": "/TheNewJediOrder/status/849687584133525504", "user_id": "269346103", "username": "Johnny Rogers", "video_url": ""}, {"has_media": false, "hashtags": ["PEPSI"], "img_urls": [], "is_replied": false, "is_reply_to": false, "likes": 0, "links": [], "parent_tweet_id": "", "replies": 0, "reply_to_users": [], "retweets": 0, "screen_name": "MrSteveaux", "text": "#PEPSI: Live For Now!\n\nDon't think about the horrendous shit high fructose corn syrup does to your intestinal tract and kidneys tomorrow", "text_html": "<p class=\"TweetTextSize js-tweet-text tweet-text\" data-aria-label-part=\"0\" lang=\"en\"><a class=\"twitter-hashtag pretty-link js-nav\" data-query-source=\"hashtag_click\" dir=\"ltr\" href=\"/hashtag/PEPSI?src=hash\"><s>#</s><b><strong>PEPSI</strong></b></a>: <strong>Live For Now</strong>!\n\nDon't think about the horrendous shit high fructose corn syrup does to your intestinal tract <strong>and</strong> kidneys tomorrow</p>", "timestamp": "2017-04-05T17:08:58", "timestamp_epochs": 1491412138, "tweet_id": "849670207450873856", "tweet_url": "/MrSteveaux/status/849670207450873856", "user_id": "1445007660", "username": "tan vampire", "video_url": ""}, {"has_media": true, "hashtags": [], "img_urls": ["https://pbs.twimg.com/media/C8qZpWKXUAAhbdX.jpg"], "is_replied": false, "is_reply_to": false, "likes": 1, "links": ["http://fal.cn/uAQJ"], "parent_tweet_id": "", "replies": 0, "reply_to_users": [], "retweets": 2, "screen_name": "TheDrum", "text": "Kendall Jenner and Pepsi face backlash over 'Live For Now Moments' ad http://fal.cn/uAQJ\u00a0pic.twitter.com/vFELeSvQ51", "text_html": "<p class=\"TweetTextSize js-tweet-text tweet-text\" data-aria-label-part=\"0\" lang=\"en\">Kendall Jenner <strong>and</strong> <strong>Pepsi</strong> face backlash over '<strong>Live For Now</strong> Moments' ad <a class=\"twitter-timeline-link\" data-expanded-url=\"http://fal.cn/uAQJ\" dir=\"ltr\" href=\"https://t.co/m69D5mJB8k\" rel=\"nofollow noopener\" target=\"_blank\" title=\"http://fal.cn/uAQJ\"><span class=\"tco-ellipsis\"></span><span class=\"invisible\">http://</span><span class=\"js-display-url\">fal.cn/uAQJ</span><span class=\"invisible\"></span><span class=\"tco-ellipsis\"><span class=\"invisible\">\u00a0</span></span></a><a class=\"twitter-timeline-link u-hidden\" data-pre-embedded=\"true\" dir=\"ltr\" href=\"https://t.co/vFELeSvQ51\">pic.twitter.com/vFELeSvQ51</a></p>", "timestamp": "2017-04-05T16:30:04", "timestamp_epochs": 1491409804, "tweet_id": "849660418255671297", "tweet_url": "/TheDrum/status/849660418255671297", "user_id": "20758087", "username": "The Drum", "video_url": ""}, {"has_media": false, "hashtags": [], "img_urls": [], "is_replied": false, "is_reply_to": false, "likes": 0, "links": [], "parent_tweet_id": "", "replies": 0, "reply_to_users": [], "retweets": 0, "screen_name": "HakonKhajavei", "text": "Am I the only one that reads @pepsi's position on \"living for now\" as a bit of a threat. Drink a Pepsi and you can live, for now.", "text_html": "<p class=\"TweetTextSize js-tweet-text tweet-text\" data-aria-label-part=\"0\" lang=\"en\">Am I the only one that reads <a class=\"twitter-atreply pretty-link js-nav\" data-mentioned-user-id=\"18139619\" dir=\"ltr\" href=\"/pepsi\"><s>@</s><b><strong>pepsi</strong></b></a>'s position on \"living for now\" as a bit of a threat. Drink a <strong>Pepsi</strong> <strong>and</strong> you can <strong>live, for now</strong>.</p>", "timestamp": "2017-04-05T16:24:42", "timestamp_epochs": 1491409482, "tweet_id": "849659069266710528", "tweet_url": "/HakonKhajavei/status/849659069266710528", "user_id": "309809796", "username": "Hakon", "video_url": ""}, {"has_media": false, "hashtags": [], "img_urls": [], "is_replied": true, "is_reply_to": true, "likes": 0, "links": [], "parent_tweet_id": "849649537534656512", "replies": 1, "reply_to_users": [{"screen_name": "universalshow", "user_id": "148761442"}, {"screen_name": "TeenVogue", "user_id": "24190981"}], "retweets": 0, "screen_name": "universalshow", "text": "\"...moment, and showcasing Pepsi\u2019s brand rallying cry to \u2018Live For Now,\u2019 in an exploration of what that truly means...\u201d 3/", "text_html": "<p class=\"TweetTextSize js-tweet-text tweet-text\" data-aria-label-part=\"0\" lang=\"en\">\"...moment, <strong>and</strong> showcasing <strong>Pepsi</strong>\u2019s brand rallying cry to \u2018<strong>Live For Now</strong>,\u2019 in an exploration of what that truly means...\u201d 3/</p>", "timestamp": "2017-04-05T15:48:39", "timestamp_epochs": 1491407319, "tweet_id": "849649996899139585", "tweet_url": "/universalshow/status/849649996899139585", "user_id": "148761442", "username": "Tom Maxwell", "video_url": ""}, {"has_media": false, "hashtags": [], "img_urls": [], "is_replied": false, "is_reply_to": false, "likes": 0, "links": ["https://tmblr.co/ZEiDAy2KIrles"], "parent_tweet_id": "", "replies": 0, "reply_to_users": [], "retweets": 0, "screen_name": "TDMckissick", "text": " Pepsi\u00a0\u201cLive For Now Moments Anthem\u201d Pepsi\u2019s new anthem is causing quite the stir online, and for a... https://tmblr.co/ZEiDAy2KIrles\u00a0", "text_html": "<p class=\"TweetTextSize js-tweet-text tweet-text\" data-aria-label-part=\"0\" lang=\"en\"><img alt=\"\ud83d\udcf9\" aria-label=\"Emoji: Video camera\" class=\"Emoji Emoji--forText\" draggable=\"false\" src=\"https://abs.twimg.com/emoji/v2/72x72/1f4f9.png\" title=\"Video camera\"/> <strong>Pepsi</strong>\u00a0\u201c<strong>Live For Now</strong> Moments Anthem\u201d <strong>Pepsi</strong>\u2019s new anthem is causing quite the stir online, <strong>and</strong> for a... <a class=\"twitter-timeline-link\" data-expanded-url=\"https://tmblr.co/ZEiDAy2KIrles\" dir=\"ltr\" href=\"https://t.co/E2vUbEVXyd\" rel=\"nofollow noopener\" target=\"_blank\" title=\"https://tmblr.co/ZEiDAy2KIrles\"><span class=\"tco-ellipsis\"></span><span class=\"invisible\">https://</span><span class=\"js-display-url\">tmblr.co/ZEiDAy2KIrles</span><span class=\"invisible\"></span><span class=\"tco-ellipsis\"><span class=\"invisible\">\u00a0</span></span></a></p>", "timestamp": "2017-04-05T15:31:54", "timestamp_epochs": 1491406314, "tweet_id": "849645779237122048", "tweet_url": "/TDMckissick/status/849645779237122048", "user_id": "182455832", "username": "Tyler McKissick", "video_url": ""}, {"has_media": true, "hashtags": [], "img_urls": ["https://pbs.twimg.com/media/C8pwa0OV0AkNieT.jpg"], "is_replied": false, "is_reply_to": false, "likes": 0, "links": [], "parent_tweet_id": "", "replies": 0, "reply_to_users": [], "retweets": 0, "screen_name": "hondanhon", "text": "the one who truly is \"live for now\" and \"unbounded, unfiltered and uninhibited\"  is president trump said pepsi ceo indra nooyi, admiringly pic.twitter.com/6MpT6JDeJK", "text_html": "<p class=\"TweetTextSize js-tweet-text tweet-text\" data-aria-label-part=\"0\" lang=\"en\">the one who truly is \"<strong>live for now</strong>\" <strong>and</strong> \"unbounded, unfiltered <strong>and</strong> uninhibited\"  is president trump said <strong>pepsi</strong> ceo indra nooyi, admiringly <a class=\"twitter-timeline-link u-hidden\" data-pre-embedded=\"true\" dir=\"ltr\" href=\"https://t.co/6MpT6JDeJK\">pic.twitter.com/6MpT6JDeJK</a></p>", "timestamp": "2017-04-05T13:29:58", "timestamp_epochs": 1491398998, "tweet_id": "849615093612425217", "tweet_url": "/hondanhon/status/849615093612425217", "user_id": "32124032", "username": "Dan Hon @ Code for America Summit \ud83e\uddd1\ud83c\udffb\u200d\ud83d\udcbb Online!", "video_url": ""}, {"has_media": false, "hashtags": [], "img_urls": [], "is_replied": false, "is_reply_to": false, "likes": 0, "links": [], "parent_tweet_id": "", "replies": 0, "reply_to_users": [], "retweets": 0, "screen_name": "bbygirl_1999", "text": "\"Live for now\" @Pepsi says as if we are supposed to forget the millions of past grievances we have(and continue to) received from the police", "text_html": "<p class=\"TweetTextSize js-tweet-text tweet-text\" data-aria-label-part=\"0\" lang=\"en\">\"<strong>Live for now</strong>\" <a class=\"twitter-atreply pretty-link js-nav\" data-mentioned-user-id=\"18139619\" dir=\"ltr\" href=\"/pepsi\"><s>@</s><b><strong>Pepsi</strong></b></a> says as if we are supposed to forget the millions of past grievances we have(<strong>and</strong> continue to) received from the police</p>", "timestamp": "2017-04-05T13:29:17", "timestamp_epochs": 1491398957, "tweet_id": "849614923403546625", "tweet_url": "/bbygirl_1999/status/849614923403546625", "user_id": "1711412761", "username": "Rochelle\u270a\ud83c\udfff", "video_url": ""}, {"has_media": false, "hashtags": [], "img_urls": [], "is_replied": true, "is_reply_to": false, "likes": 103, "links": ["https://twitter.com/harrymccracken/status/849613348308111360"], "parent_tweet_id": "", "replies": 5, "reply_to_users": [], "retweets": 31, "screen_name": "benthompson", "text": "Wait, Pepsi's \"brand rallying cry\" is \"Live For Now\"? Makes sense I guess. Obesity and diabetes are in the future. https://twitter.com/harrymccracken/status/849613348308111360\u00a0\u2026", "text_html": "<p class=\"TweetTextSize js-tweet-text tweet-text\" data-aria-label-part=\"4\" lang=\"en\">Wait, <strong>Pepsi</strong>'s \"brand rallying cry\" is \"<strong>Live For Now</strong>\"? Makes sense I guess. Obesity <strong>and</strong> diabetes are in the future. <a class=\"twitter-timeline-link u-hidden\" data-expanded-url=\"https://twitter.com/harrymccracken/status/849613348308111360\" dir=\"ltr\" href=\"https://t.co/3olbfA06Jh\" rel=\"nofollow noopener\" target=\"_blank\" title=\"https://twitter.com/harrymccracken/status/849613348308111360\"><span class=\"tco-ellipsis\"></span><span class=\"invisible\">https://</span><span class=\"js-display-url\">twitter.com/harrymccracken</span><span class=\"invisible\">/status/849613348308111360</span><span class=\"tco-ellipsis\"><span class=\"invisible\">\u00a0</span>\u2026</span></a></p>", "timestamp": "2017-04-05T13:25:17", "timestamp_epochs": 1491398717, "tweet_id": "849613914983747586", "tweet_url": "/benthompson/status/849613914983747586", "user_id": "40273", "username": "Ben Thompson", "video_url": ""}, {"has_media": false, "hashtags": [], "img_urls": [], "is_replied": false, "is_reply_to": true, "likes": 0, "links": [], "parent_tweet_id": "849609278767935488", "replies": 0, "reply_to_users": [{"screen_name": "Awokoya_faabuu", "user_id": "1145961462"}], "retweets": 0, "screen_name": "Awokoya_faabuu", "text": "...2. I would use a tag like be bolder,join the parade and enjoy life with Pepsi live for now", "text_html": "<p class=\"TweetTextSize js-tweet-text tweet-text\" data-aria-label-part=\"0\" lang=\"en\">...2. I would use a tag like be bolder,join the parade <strong>and</strong> enjoy life with <strong>Pepsi</strong> <strong>live for now</strong></p>", "timestamp": "2017-04-05T13:08:59", "timestamp_epochs": 1491397739, "tweet_id": "849609814560919554", "tweet_url": "/Awokoya_faabuu/status/849609814560919554", "user_id": "1145961462", "username": "Hello!!!", "video_url": ""}, {"has_media": false, "hashtags": [], "img_urls": [], "is_replied": true, "is_reply_to": false, "likes": 0, "links": [], "parent_tweet_id": "", "replies": 1, "reply_to_users": [], "retweets": 0, "screen_name": "zach_barnett", "text": "While we're all trashing Pepsi ( rightfully so) I'd like to say \"Live For Now\" is a nonsensical slogan. And they prob spent millions on it.", "text_html": "<p class=\"TweetTextSize js-tweet-text tweet-text\" data-aria-label-part=\"0\" lang=\"en\">While we're all trashing <strong>Pepsi</strong> ( rightfully so) I'd like to say \"<strong>Live For Now</strong>\" is a nonsensical slogan. <strong>And</strong> they prob spent millions on it.</p>", "timestamp": "2017-04-05T13:02:32", "timestamp_epochs": 1491397352, "tweet_id": "849608193525338112", "tweet_url": "/zach_barnett/status/849608193525338112", "user_id": "52408714", "username": "Zach Barnett", "video_url": ""}, {"has_media": false, "hashtags": ["pepsi"], "img_urls": [], "is_replied": false, "is_reply_to": false, "likes": 0, "links": [], "parent_tweet_id": "", "replies": 0, "reply_to_users": [], "retweets": 0, "screen_name": "adam_prizio", "text": "Live. For Now, because the police have real guns, real bullets, and a whole lot of immunity. We have #pepsi", "text_html": "<p class=\"TweetTextSize js-tweet-text tweet-text\" data-aria-label-part=\"0\" lang=\"en\"><strong>Live. For Now</strong>, because the police have real guns, real bullets, <strong>and</strong> a whole lot of immunity. We have <a class=\"twitter-hashtag pretty-link js-nav\" data-query-source=\"hashtag_click\" dir=\"ltr\" href=\"/hashtag/pepsi?src=hash\"><s>#</s><b><strong>pepsi</strong></b></a></p>", "timestamp": "2017-04-05T11:09:53", "timestamp_epochs": 1491390593, "tweet_id": "849579840667832321", "tweet_url": "/adam_prizio/status/849579840667832321", "user_id": "14461678", "username": "adam_prizio", "video_url": ""}, {"has_media": false, "hashtags": [], "img_urls": [], "is_replied": false, "is_reply_to": false, "likes": 0, "links": ["http://fb.me/4tCk0kjd2"], "parent_tweet_id": "", "replies": 0, "reply_to_users": [], "retweets": 0, "screen_name": "dorotvent", "text": "Pepsi \u0093Live For Now Moments Anthem\u0094 starring Kendall Jenner - Watch and Download http://fb.me/4tCk0kjd2\u00a0", "text_html": "<p class=\"TweetTextSize js-tweet-text tweet-text\" data-aria-label-part=\"0\" lang=\"en\"><strong>Pepsi</strong> \u0093<strong>Live For Now</strong> Moments Anthem\u0094 starring Kendall Jenner - Watch <strong>and</strong> Download <a class=\"twitter-timeline-link\" data-expanded-url=\"http://fb.me/4tCk0kjd2\" dir=\"ltr\" href=\"https://t.co/ZpifMps9cM\" rel=\"nofollow noopener\" target=\"_blank\" title=\"http://fb.me/4tCk0kjd2\"><span class=\"tco-ellipsis\"></span><span class=\"invisible\">http://</span><span class=\"js-display-url\">fb.me/4tCk0kjd2</span><span class=\"invisible\"></span><span class=\"tco-ellipsis\"><span class=\"invisible\">\u00a0</span></span></a></p>", "timestamp": "2017-04-05T10:57:13", "timestamp_epochs": 1491389833, "tweet_id": "849576654225555456", "tweet_url": "/dorotvent/status/849576654225555456", "user_id": "387243448", "username": "DoroTV Ent.", "video_url": ""}, {"has_media": false, "hashtags": ["pepsi"], "img_urls": [], "is_replied": false, "is_reply_to": false, "likes": 0, "links": [], "parent_tweet_id": "", "replies": 0, "reply_to_users": [], "retweets": 0, "screen_name": "adam_prizio", "text": "Live. For Now. Bribe the officer with American soft drink and he may allow you to pass. #pepsi", "text_html": "<p class=\"TweetTextSize js-tweet-text tweet-text\" data-aria-label-part=\"0\" lang=\"en\"><strong>Live. For Now</strong>. Bribe the officer with American soft drink <strong>and</strong> he may allow you to pass. <a class=\"twitter-hashtag pretty-link js-nav\" data-query-source=\"hashtag_click\" dir=\"ltr\" href=\"/hashtag/pepsi?src=hash\"><s>#</s><b><strong>pepsi</strong></b></a></p>", "timestamp": "2017-04-05T10:51:46", "timestamp_epochs": 1491389506, "tweet_id": "849575284164755456", "tweet_url": "/adam_prizio/status/849575284164755456", "user_id": "14461678", "username": "adam_prizio", "video_url": ""}, {"has_media": false, "hashtags": ["ad", "PEPSI", "PepsixKendall"], "img_urls": [], "is_replied": false, "is_reply_to": false, "likes": 2, "links": [], "parent_tweet_id": "", "replies": 0, "reply_to_users": [], "retweets": 0, "screen_name": "justwrite13", "text": "Is the @pepsi and @KendallJenner 'Live for Now Moments Anthem' #ad the most tone-deaf commercial ever created? Maybe! #PEPSI #PepsixKendall", "text_html": "<p class=\"TweetTextSize js-tweet-text tweet-text\" data-aria-label-part=\"0\" lang=\"en\">Is the <a class=\"twitter-atreply pretty-link js-nav\" data-mentioned-user-id=\"18139619\" dir=\"ltr\" href=\"/pepsi\"><s>@</s><b><strong>pepsi</strong></b></a> <strong>and</strong> <a class=\"twitter-atreply pretty-link js-nav\" data-mentioned-user-id=\"157140968\" dir=\"ltr\" href=\"/KendallJenner\"><s>@</s><b>KendallJenner</b></a> '<strong>Live for Now</strong> Moments Anthem' <a class=\"twitter-hashtag pretty-link js-nav\" data-query-source=\"hashtag_click\" dir=\"ltr\" href=\"/hashtag/ad?src=hash\"><s>#</s><b>ad</b></a> the most tone-deaf commercial ever created? Maybe! <a class=\"twitter-hashtag pretty-link js-nav\" data-query-source=\"hashtag_click\" dir=\"ltr\" href=\"/hashtag/PEPSI?src=hash\"><s>#</s><b><strong>PEPSI</strong></b></a> <a class=\"twitter-hashtag pretty-link js-nav\" data-query-source=\"hashtag_click\" dir=\"ltr\" href=\"/hashtag/PepsixKendall?src=hash\"><s>#</s><b>PepsixKendall</b></a></p>", "timestamp": "2017-04-05T09:58:46", "timestamp_epochs": 1491386326, "tweet_id": "849561944453459968", "tweet_url": "/justwrite13/status/849561944453459968", "user_id": "15378392", "username": "Ida Morris", "video_url": ""}, {"has_media": false, "hashtags": [], "img_urls": [], "is_replied": false, "is_reply_to": false, "likes": 0, "links": [], "parent_tweet_id": "", "replies": 0, "reply_to_users": [], "retweets": 1, "screen_name": "deanlinley", "text": "*Hands riot police a Pepsi*\n\n\"Live bolder. Live louder. Live for now.\"\n\n*He looks me in the eye and beats me to death*\n\n\"I wanted a Coke.\"", "text_html": "<p class=\"TweetTextSize js-tweet-text tweet-text\" data-aria-label-part=\"0\" lang=\"en\">*Hands riot police a <strong>Pepsi</strong>*\n\n\"Live bolder. Live louder. <strong>Live for now</strong>.\"\n\n*He looks me in the eye <strong>and</strong> beats me to death*\n\n\"I wanted a Coke.\"</p>", "timestamp": "2017-04-05T08:08:24", "timestamp_epochs": 1491379704, "tweet_id": "849534168472195072", "tweet_url": "/deanlinley/status/849534168472195072", "user_id": "31109140", "username": "Dean", "video_url": ""}, {"has_media": false, "hashtags": ["Pepsi"], "img_urls": [], "is_replied": false, "is_reply_to": false, "likes": 0, "links": [], "parent_tweet_id": "", "replies": 0, "reply_to_users": [], "retweets": 0, "screen_name": "maddishmaat", "text": "Only when we begin to Live For Now and unite under #Pepsi will the world know true peace! ", "text_html": "<p class=\"TweetTextSize js-tweet-text tweet-text\" data-aria-label-part=\"0\" lang=\"en\">Only when we begin to <strong>Live For Now</strong> <strong>and</strong> unite under <a class=\"twitter-hashtag pretty-link js-nav\" data-query-source=\"hashtag_click\" dir=\"ltr\" href=\"/hashtag/Pepsi?src=hash\"><s>#</s><b><strong>Pepsi</strong></b></a> will the world know true peace! <img alt=\"\ud83d\ude44\" aria-label=\"Emoji: Face with rolling eyes\" class=\"Emoji Emoji--forText\" draggable=\"false\" src=\"https://abs.twimg.com/emoji/v2/72x72/1f644.png\" title=\"Face with rolling eyes\"/></p>", "timestamp": "2017-04-05T22:04:47", "timestamp_epochs": 1491429887, "tweet_id": "849744654157324289", "tweet_url": "/maddishmaat/status/849744654157324289", "user_id": "1966084694", "username": "Maddish MAAT", "video_url": ""}, {"has_media": false, "hashtags": [], "img_urls": [], "is_replied": false, "is_reply_to": false, "likes": 0, "links": ["https://twitter.com/ewmealer/status/849741640906485760"], "parent_tweet_id": "", "replies": 0, "reply_to_users": [], "retweets": 0, "screen_name": "jimcampy", "text": "Yes ewhile she joined a protest then stoped gave pepsi to officer protest stops and yells live for now. https://twitter.com/ewmealer/status/849741640906485760\u00a0\u2026", "text_html": "<p class=\"TweetTextSize js-tweet-text tweet-text\" data-aria-label-part=\"4\" lang=\"en\">Yes ewhile she joined a protest then stoped gave <strong>pepsi</strong> to officer protest stops <strong>and</strong> yells <strong>live for now</strong>. <a class=\"twitter-timeline-link\" data-expanded-url=\"https://twitter.com/ewmealer/status/849741640906485760\" dir=\"ltr\" href=\"https://t.co/tpLZdQjduU\" rel=\"nofollow noopener\" target=\"_blank\" title=\"https://twitter.com/ewmealer/status/849741640906485760\"><span class=\"tco-ellipsis\"></span><span class=\"invisible\">https://</span><span class=\"js-display-url\">twitter.com/ewmealer/statu</span><span class=\"invisible\">s/849741640906485760</span><span class=\"tco-ellipsis\"><span class=\"invisible\">\u00a0</span>\u2026</span></a></p>", "timestamp": "2017-04-05T21:57:17", "timestamp_epochs": 1491429437, "tweet_id": "849742764174700547", "tweet_url": "/jimcampy/status/849742764174700547", "user_id": "205656945", "username": "jim campbell", "video_url": ""}, {"has_media": false, "hashtags": [], "img_urls": [], "is_replied": false, "is_reply_to": true, "likes": 1, "links": [], "parent_tweet_id": "849401201095520257", "replies": 0, "reply_to_users": [{"screen_name": "MongoIndustries", "user_id": "489396705"}, {"screen_name": "stuartenyt", "user_id": "107234633"}, {"screen_name": "pepsi", "user_id": "18139619"}], "retweets": 0, "screen_name": "nickhaley", "text": "Set fire to the entire budget on camera in notes and watch it burn. \n\nsuper: LIVE FOR NOW.", "text_html": "<p class=\"TweetTextSize js-tweet-text tweet-text\" data-aria-label-part=\"0\" lang=\"en\">Set fire to the entire budget on camera in notes <strong>and</strong> watch it burn. \n\nsuper: <strong>LIVE FOR NOW</strong>.</p>", "timestamp": "2017-04-05T20:34:55", "timestamp_epochs": 1491424495, "tweet_id": "849722035773333505", "tweet_url": "/nickhaley/status/849722035773333505", "user_id": "43717506", "username": "nick haley", "video_url": ""}, {"has_media": false, "hashtags": ["Kendallpepsiad"], "img_urls": [], "is_replied": false, "is_reply_to": false, "likes": 0, "links": [], "parent_tweet_id": "", "replies": 0, "reply_to_users": [], "retweets": 0, "screen_name": "GospelGameShow", "text": "Pepsi pulled the controversial \"Live For Now\" ad starring Kendall Jenner and issued a public apology after online backlash. #Kendallpepsiad", "text_html": "<p class=\"TweetTextSize js-tweet-text tweet-text\" data-aria-label-part=\"0\" lang=\"en\"><strong>Pepsi</strong> pulled the controversial \"<strong>Live For Now</strong>\" ad starring Kendall Jenner <strong>and</strong> issued a public apology after online backlash. <a class=\"twitter-hashtag pretty-link js-nav\" data-query-source=\"hashtag_click\" dir=\"ltr\" href=\"/hashtag/Kendallpepsiad?src=hash\"><s>#</s><b>Kendallpepsiad</b></a></p>", "timestamp": "2017-04-05T20:31:14", "timestamp_epochs": 1491424274, "tweet_id": "849721109792473088", "tweet_url": "/GospelGameShow/status/849721109792473088", "user_id": "555701557", "username": "GospelGameShowTV", "video_url": ""}, {"has_media": true, "hashtags": ["Pepsi"], "img_urls": ["https://pbs.twimg.com/media/C8qyVYCXsAgDRI1.jpg"], "is_replied": true, "is_reply_to": false, "likes": 1, "links": [], "parent_tweet_id": "", "replies": 1, "reply_to_users": [], "retweets": 0, "screen_name": "TheNewJediOrder", "text": "*loots 2 liter #Pepsi and pours it onto cop car*  LIVE FOR NOW!! pic.twitter.com/mfV4EWmZGW", "text_html": "<p class=\"TweetTextSize js-tweet-text tweet-text\" data-aria-label-part=\"0\" lang=\"en\">*loots 2 liter <a class=\"twitter-hashtag pretty-link js-nav\" data-query-source=\"hashtag_click\" dir=\"ltr\" href=\"/hashtag/Pepsi?src=hash\"><s>#</s><b><strong>Pepsi</strong></b></a> <strong>and</strong> pours it onto cop car*  <strong>LIVE FOR NOW</strong>!! <a class=\"twitter-timeline-link u-hidden\" data-pre-embedded=\"true\" dir=\"ltr\" href=\"https://t.co/mfV4EWmZGW\">pic.twitter.com/mfV4EWmZGW</a></p>", "timestamp": "2017-04-05T18:18:01", "timestamp_epochs": 1491416281, "tweet_id": "849687584133525504", "tweet_url": "/TheNewJediOrder/status/849687584133525504", "user_id": "269346103", "username": "Johnny Rogers", "video_url": ""}, {"has_media": false, "hashtags": ["PEPSI"], "img_urls": [], "is_replied": false, "is_reply_to": false, "likes": 0, "links": [], "parent_tweet_id": "", "replies": 0, "reply_to_users": [], "retweets": 0, "screen_name": "MrSteveaux", "text": "#PEPSI: Live For Now!\n\nDon't think about the horrendous shit high fructose corn syrup does to your intestinal tract and kidneys tomorrow", "text_html": "<p class=\"TweetTextSize js-tweet-text tweet-text\" data-aria-label-part=\"0\" lang=\"en\"><a class=\"twitter-hashtag pretty-link js-nav\" data-query-source=\"hashtag_click\" dir=\"ltr\" href=\"/hashtag/PEPSI?src=hash\"><s>#</s><b><strong>PEPSI</strong></b></a>: <strong>Live For Now</strong>!\n\nDon't think about the horrendous shit high fructose corn syrup does to your intestinal tract <strong>and</strong> kidneys tomorrow</p>", "timestamp": "2017-04-05T17:08:58", "timestamp_epochs": 1491412138, "tweet_id": "849670207450873856", "tweet_url": "/MrSteveaux/status/849670207450873856", "user_id": "1445007660", "username": "tan vampire", "video_url": ""}, {"has_media": true, "hashtags": [], "img_urls": ["https://pbs.twimg.com/media/C8qZpWKXUAAhbdX.jpg"], "is_replied": false, "is_reply_to": false, "likes": 1, "links": ["http://fal.cn/uAQJ"], "parent_tweet_id": "", "replies": 0, "reply_to_users": [], "retweets": 2, "screen_name": "TheDrum", "text": "Kendall Jenner and Pepsi face backlash over 'Live For Now Moments' ad http://fal.cn/uAQJ\u00a0pic.twitter.com/vFELeSvQ51", "text_html": "<p class=\"TweetTextSize js-tweet-text tweet-text\" data-aria-label-part=\"0\" lang=\"en\">Kendall Jenner <strong>and</strong> <strong>Pepsi</strong> face backlash over '<strong>Live For Now</strong> Moments' ad <a class=\"twitter-timeline-link\" data-expanded-url=\"http://fal.cn/uAQJ\" dir=\"ltr\" href=\"https://t.co/m69D5mJB8k\" rel=\"nofollow noopener\" target=\"_blank\" title=\"http://fal.cn/uAQJ\"><span class=\"tco-ellipsis\"></span><span class=\"invisible\">http://</span><span class=\"js-display-url\">fal.cn/uAQJ</span><span class=\"invisible\"></span><span class=\"tco-ellipsis\"><span class=\"invisible\">\u00a0</span></span></a><a class=\"twitter-timeline-link u-hidden\" data-pre-embedded=\"true\" dir=\"ltr\" href=\"https://t.co/vFELeSvQ51\">pic.twitter.com/vFELeSvQ51</a></p>", "timestamp": "2017-04-05T16:30:04", "timestamp_epochs": 1491409804, "tweet_id": "849660418255671297", "tweet_url": "/TheDrum/status/849660418255671297", "user_id": "20758087", "username": "The Drum", "video_url": ""}, {"has_media": false, "hashtags": [], "img_urls": [], "is_replied": false, "is_reply_to": false, "likes": 0, "links": [], "parent_tweet_id": "", "replies": 0, "reply_to_users": [], "retweets": 0, "screen_name": "HakonKhajavei", "text": "Am I the only one that reads @pepsi's position on \"living for now\" as a bit of a threat. Drink a Pepsi and you can live, for now.", "text_html": "<p class=\"TweetTextSize js-tweet-text tweet-text\" data-aria-label-part=\"0\" lang=\"en\">Am I the only one that reads <a class=\"twitter-atreply pretty-link js-nav\" data-mentioned-user-id=\"18139619\" dir=\"ltr\" href=\"/pepsi\"><s>@</s><b><strong>pepsi</strong></b></a>'s position on \"living for now\" as a bit of a threat. Drink a <strong>Pepsi</strong> <strong>and</strong> you can <strong>live, for now</strong>.</p>", "timestamp": "2017-04-05T16:24:42", "timestamp_epochs": 1491409482, "tweet_id": "849659069266710528", "tweet_url": "/HakonKhajavei/status/849659069266710528", "user_id": "309809796", "username": "Hakon", "video_url": ""}, {"has_media": false, "hashtags": [], "img_urls": [], "is_replied": true, "is_reply_to": true, "likes": 0, "links": [], "parent_tweet_id": "849649537534656512", "replies": 1, "reply_to_users": [{"screen_name": "universalshow", "user_id": "148761442"}, {"screen_name": "TeenVogue", "user_id": "24190981"}], "retweets": 0, "screen_name": "universalshow", "text": "\"...moment, and showcasing Pepsi\u2019s brand rallying cry to \u2018Live For Now,\u2019 in an exploration of what that truly means...\u201d 3/", "text_html": "<p class=\"TweetTextSize js-tweet-text tweet-text\" data-aria-label-part=\"0\" lang=\"en\">\"...moment, <strong>and</strong> showcasing <strong>Pepsi</strong>\u2019s brand rallying cry to \u2018<strong>Live For Now</strong>,\u2019 in an exploration of what that truly means...\u201d 3/</p>", "timestamp": "2017-04-05T15:48:39", "timestamp_epochs": 1491407319, "tweet_id": "849649996899139585", "tweet_url": "/universalshow/status/849649996899139585", "user_id": "148761442", "username": "Tom Maxwell", "video_url": ""}, {"has_media": false, "hashtags": [], "img_urls": [], "is_replied": false, "is_reply_to": false, "likes": 0, "links": ["https://tmblr.co/ZEiDAy2KIrles"], "parent_tweet_id": "", "replies": 0, "reply_to_users": [], "retweets": 0, "screen_name": "TDMckissick", "text": " Pepsi\u00a0\u201cLive For Now Moments Anthem\u201d Pepsi\u2019s new anthem is causing quite the stir online, and for a... https://tmblr.co/ZEiDAy2KIrles\u00a0", "text_html": "<p class=\"TweetTextSize js-tweet-text tweet-text\" data-aria-label-part=\"0\" lang=\"en\"><img alt=\"\ud83d\udcf9\" aria-label=\"Emoji: Video camera\" class=\"Emoji Emoji--forText\" draggable=\"false\" src=\"https://abs.twimg.com/emoji/v2/72x72/1f4f9.png\" title=\"Video camera\"/> <strong>Pepsi</strong>\u00a0\u201c<strong>Live For Now</strong> Moments Anthem\u201d <strong>Pepsi</strong>\u2019s new anthem is causing quite the stir online, <strong>and</strong> for a... <a class=\"twitter-timeline-link\" data-expanded-url=\"https://tmblr.co/ZEiDAy2KIrles\" dir=\"ltr\" href=\"https://t.co/E2vUbEVXyd\" rel=\"nofollow noopener\" target=\"_blank\" title=\"https://tmblr.co/ZEiDAy2KIrles\"><span class=\"tco-ellipsis\"></span><span class=\"invisible\">https://</span><span class=\"js-display-url\">tmblr.co/ZEiDAy2KIrles</span><span class=\"invisible\"></span><span class=\"tco-ellipsis\"><span class=\"invisible\">\u00a0</span></span></a></p>", "timestamp": "2017-04-05T15:31:54", "timestamp_epochs": 1491406314, "tweet_id": "849645779237122048", "tweet_url": "/TDMckissick/status/849645779237122048", "user_id": "182455832", "username": "Tyler McKissick", "video_url": ""}, {"has_media": true, "hashtags": [], "img_urls": ["https://pbs.twimg.com/media/C8pwa0OV0AkNieT.jpg"], "is_replied": false, "is_reply_to": false, "likes": 0, "links": [], "parent_tweet_id": "", "replies": 0, "reply_to_users": [], "retweets": 0, "screen_name": "hondanhon", "text": "the one who truly is \"live for now\" and \"unbounded, unfiltered and uninhibited\"  is president trump said pepsi ceo indra nooyi, admiringly pic.twitter.com/6MpT6JDeJK", "text_html": "<p class=\"TweetTextSize js-tweet-text tweet-text\" data-aria-label-part=\"0\" lang=\"en\">the one who truly is \"<strong>live for now</strong>\" <strong>and</strong> \"unbounded, unfiltered <strong>and</strong> uninhibited\"  is president trump said <strong>pepsi</strong> ceo indra nooyi, admiringly <a class=\"twitter-timeline-link u-hidden\" data-pre-embedded=\"true\" dir=\"ltr\" href=\"https://t.co/6MpT6JDeJK\">pic.twitter.com/6MpT6JDeJK</a></p>", "timestamp": "2017-04-05T13:29:58", "timestamp_epochs": 1491398998, "tweet_id": "849615093612425217", "tweet_url": "/hondanhon/status/849615093612425217", "user_id": "32124032", "username": "Dan Hon @ Code for America Summit \ud83e\uddd1\ud83c\udffb\u200d\ud83d\udcbb Online!", "video_url": ""}, {"has_media": false, "hashtags": [], "img_urls": [], "is_replied": false, "is_reply_to": false, "likes": 0, "links": [], "parent_tweet_id": "", "replies": 0, "reply_to_users": [], "retweets": 0, "screen_name": "bbygirl_1999", "text": "\"Live for now\" @Pepsi says as if we are supposed to forget the millions of past grievances we have(and continue to) received from the police", "text_html": "<p class=\"TweetTextSize js-tweet-text tweet-text\" data-aria-label-part=\"0\" lang=\"en\">\"<strong>Live for now</strong>\" <a class=\"twitter-atreply pretty-link js-nav\" data-mentioned-user-id=\"18139619\" dir=\"ltr\" href=\"/pepsi\"><s>@</s><b><strong>Pepsi</strong></b></a> says as if we are supposed to forget the millions of past grievances we have(<strong>and</strong> continue to) received from the police</p>", "timestamp": "2017-04-05T13:29:17", "timestamp_epochs": 1491398957, "tweet_id": "849614923403546625", "tweet_url": "/bbygirl_1999/status/849614923403546625", "user_id": "1711412761", "username": "Rochelle\u270a\ud83c\udfff", "video_url": ""}, {"has_media": false, "hashtags": [], "img_urls": [], "is_replied": true, "is_reply_to": false, "likes": 103, "links": ["https://twitter.com/harrymccracken/status/849613348308111360"], "parent_tweet_id": "", "replies": 5, "reply_to_users": [], "retweets": 31, "screen_name": "benthompson", "text": "Wait, Pepsi's \"brand rallying cry\" is \"Live For Now\"? Makes sense I guess. Obesity and diabetes are in the future. https://twitter.com/harrymccracken/status/849613348308111360\u00a0\u2026", "text_html": "<p class=\"TweetTextSize js-tweet-text tweet-text\" data-aria-label-part=\"4\" lang=\"en\">Wait, <strong>Pepsi</strong>'s \"brand rallying cry\" is \"<strong>Live For Now</strong>\"? Makes sense I guess. Obesity <strong>and</strong> diabetes are in the future. <a class=\"twitter-timeline-link u-hidden\" data-expanded-url=\"https://twitter.com/harrymccracken/status/849613348308111360\" dir=\"ltr\" href=\"https://t.co/3olbfA06Jh\" rel=\"nofollow noopener\" target=\"_blank\" title=\"https://twitter.com/harrymccracken/status/849613348308111360\"><span class=\"tco-ellipsis\"></span><span class=\"invisible\">https://</span><span class=\"js-display-url\">twitter.com/harrymccracken</span><span class=\"invisible\">/status/849613348308111360</span><span class=\"tco-ellipsis\"><span class=\"invisible\">\u00a0</span>\u2026</span></a></p>", "timestamp": "2017-04-05T13:25:17", "timestamp_epochs": 1491398717, "tweet_id": "849613914983747586", "tweet_url": "/benthompson/status/849613914983747586", "user_id": "40273", "username": "Ben Thompson", "video_url": ""}, {"has_media": false, "hashtags": [], "img_urls": [], "is_replied": false, "is_reply_to": true, "likes": 0, "links": [], "parent_tweet_id": "849609278767935488", "replies": 0, "reply_to_users": [{"screen_name": "Awokoya_faabuu", "user_id": "1145961462"}], "retweets": 0, "screen_name": "Awokoya_faabuu", "text": "...2. I would use a tag like be bolder,join the parade and enjoy life with Pepsi live for now", "text_html": "<p class=\"TweetTextSize js-tweet-text tweet-text\" data-aria-label-part=\"0\" lang=\"en\">...2. I would use a tag like be bolder,join the parade <strong>and</strong> enjoy life with <strong>Pepsi</strong> <strong>live for now</strong></p>", "timestamp": "2017-04-05T13:08:59", "timestamp_epochs": 1491397739, "tweet_id": "849609814560919554", "tweet_url": "/Awokoya_faabuu/status/849609814560919554", "user_id": "1145961462", "username": "Hello!!!", "video_url": ""}, {"has_media": false, "hashtags": [], "img_urls": [], "is_replied": true, "is_reply_to": false, "likes": 0, "links": [], "parent_tweet_id": "", "replies": 1, "reply_to_users": [], "retweets": 0, "screen_name": "zach_barnett", "text": "While we're all trashing Pepsi ( rightfully so) I'd like to say \"Live For Now\" is a nonsensical slogan. And they prob spent millions on it.", "text_html": "<p class=\"TweetTextSize js-tweet-text tweet-text\" data-aria-label-part=\"0\" lang=\"en\">While we're all trashing <strong>Pepsi</strong> ( rightfully so) I'd like to say \"<strong>Live For Now</strong>\" is a nonsensical slogan. <strong>And</strong> they prob spent millions on it.</p>", "timestamp": "2017-04-05T13:02:32", "timestamp_epochs": 1491397352, "tweet_id": "849608193525338112", "tweet_url": "/zach_barnett/status/849608193525338112", "user_id": "52408714", "username": "Zach Barnett", "video_url": ""}, {"has_media": false, "hashtags": ["pepsi"], "img_urls": [], "is_replied": false, "is_reply_to": false, "likes": 0, "links": [], "parent_tweet_id": "", "replies": 0, "reply_to_users": [], "retweets": 0, "screen_name": "adam_prizio", "text": "Live. For Now, because the police have real guns, real bullets, and a whole lot of immunity. We have #pepsi", "text_html": "<p class=\"TweetTextSize js-tweet-text tweet-text\" data-aria-label-part=\"0\" lang=\"en\"><strong>Live. For Now</strong>, because the police have real guns, real bullets, <strong>and</strong> a whole lot of immunity. We have <a class=\"twitter-hashtag pretty-link js-nav\" data-query-source=\"hashtag_click\" dir=\"ltr\" href=\"/hashtag/pepsi?src=hash\"><s>#</s><b><strong>pepsi</strong></b></a></p>", "timestamp": "2017-04-05T11:09:53", "timestamp_epochs": 1491390593, "tweet_id": "849579840667832321", "tweet_url": "/adam_prizio/status/849579840667832321", "user_id": "14461678", "username": "adam_prizio", "video_url": ""}, {"has_media": false, "hashtags": [], "img_urls": [], "is_replied": false, "is_reply_to": false, "likes": 0, "links": ["http://fb.me/4tCk0kjd2"], "parent_tweet_id": "", "replies": 0, "reply_to_users": [], "retweets": 0, "screen_name": "dorotvent", "text": "Pepsi \u0093Live For Now Moments Anthem\u0094 starring Kendall Jenner - Watch and Download http://fb.me/4tCk0kjd2\u00a0", "text_html": "<p class=\"TweetTextSize js-tweet-text tweet-text\" data-aria-label-part=\"0\" lang=\"en\"><strong>Pepsi</strong> \u0093<strong>Live For Now</strong> Moments Anthem\u0094 starring Kendall Jenner - Watch <strong>and</strong> Download <a class=\"twitter-timeline-link\" data-expanded-url=\"http://fb.me/4tCk0kjd2\" dir=\"ltr\" href=\"https://t.co/ZpifMps9cM\" rel=\"nofollow noopener\" target=\"_blank\" title=\"http://fb.me/4tCk0kjd2\"><span class=\"tco-ellipsis\"></span><span class=\"invisible\">http://</span><span class=\"js-display-url\">fb.me/4tCk0kjd2</span><span class=\"invisible\"></span><span class=\"tco-ellipsis\"><span class=\"invisible\">\u00a0</span></span></a></p>", "timestamp": "2017-04-05T10:57:13", "timestamp_epochs": 1491389833, "tweet_id": "849576654225555456", "tweet_url": "/dorotvent/status/849576654225555456", "user_id": "387243448", "username": "DoroTV Ent.", "video_url": ""}, {"has_media": false, "hashtags": ["pepsi"], "img_urls": [], "is_replied": false, "is_reply_to": false, "likes": 0, "links": [], "parent_tweet_id": "", "replies": 0, "reply_to_users": [], "retweets": 0, "screen_name": "adam_prizio", "text": "Live. For Now. Bribe the officer with American soft drink and he may allow you to pass. #pepsi", "text_html": "<p class=\"TweetTextSize js-tweet-text tweet-text\" data-aria-label-part=\"0\" lang=\"en\"><strong>Live. For Now</strong>. Bribe the officer with American soft drink <strong>and</strong> he may allow you to pass. <a class=\"twitter-hashtag pretty-link js-nav\" data-query-source=\"hashtag_click\" dir=\"ltr\" href=\"/hashtag/pepsi?src=hash\"><s>#</s><b><strong>pepsi</strong></b></a></p>", "timestamp": "2017-04-05T10:51:46", "timestamp_epochs": 1491389506, "tweet_id": "849575284164755456", "tweet_url": "/adam_prizio/status/849575284164755456", "user_id": "14461678", "username": "adam_prizio", "video_url": ""}, {"has_media": false, "hashtags": ["ad", "PEPSI", "PepsixKendall"], "img_urls": [], "is_replied": false, "is_reply_to": false, "likes": 2, "links": [], "parent_tweet_id": "", "replies": 0, "reply_to_users": [], "retweets": 0, "screen_name": "justwrite13", "text": "Is the @pepsi and @KendallJenner 'Live for Now Moments Anthem' #ad the most tone-deaf commercial ever created? Maybe! #PEPSI #PepsixKendall", "text_html": "<p class=\"TweetTextSize js-tweet-text tweet-text\" data-aria-label-part=\"0\" lang=\"en\">Is the <a class=\"twitter-atreply pretty-link js-nav\" data-mentioned-user-id=\"18139619\" dir=\"ltr\" href=\"/pepsi\"><s>@</s><b><strong>pepsi</strong></b></a> <strong>and</strong> <a class=\"twitter-atreply pretty-link js-nav\" data-mentioned-user-id=\"157140968\" dir=\"ltr\" href=\"/KendallJenner\"><s>@</s><b>KendallJenner</b></a> '<strong>Live for Now</strong> Moments Anthem' <a class=\"twitter-hashtag pretty-link js-nav\" data-query-source=\"hashtag_click\" dir=\"ltr\" href=\"/hashtag/ad?src=hash\"><s>#</s><b>ad</b></a> the most tone-deaf commercial ever created? Maybe! <a class=\"twitter-hashtag pretty-link js-nav\" data-query-source=\"hashtag_click\" dir=\"ltr\" href=\"/hashtag/PEPSI?src=hash\"><s>#</s><b><strong>PEPSI</strong></b></a> <a class=\"twitter-hashtag pretty-link js-nav\" data-query-source=\"hashtag_click\" dir=\"ltr\" href=\"/hashtag/PepsixKendall?src=hash\"><s>#</s><b>PepsixKendall</b></a></p>", "timestamp": "2017-04-05T09:58:46", "timestamp_epochs": 1491386326, "tweet_id": "849561944453459968", "tweet_url": "/justwrite13/status/849561944453459968", "user_id": "15378392", "username": "Ida Morris", "video_url": ""}, {"has_media": false, "hashtags": [], "img_urls": [], "is_replied": false, "is_reply_to": false, "likes": 0, "links": [], "parent_tweet_id": "", "replies": 0, "reply_to_users": [], "retweets": 1, "screen_name": "deanlinley", "text": "*Hands riot police a Pepsi*\n\n\"Live bolder. Live louder. Live for now.\"\n\n*He looks me in the eye and beats me to death*\n\n\"I wanted a Coke.\"", "text_html": "<p class=\"TweetTextSize js-tweet-text tweet-text\" data-aria-label-part=\"0\" lang=\"en\">*Hands riot police a <strong>Pepsi</strong>*\n\n\"Live bolder. Live louder. <strong>Live for now</strong>.\"\n\n*He looks me in the eye <strong>and</strong> beats me to death*\n\n\"I wanted a Coke.\"</p>", "timestamp": "2017-04-05T08:08:24", "timestamp_epochs": 1491379704, "tweet_id": "849534168472195072", "tweet_url": "/deanlinley/status/849534168472195072", "user_id": "31109140", "username": "Dean", "video_url": ""}, {"has_media": true, "hashtags": [], "img_urls": ["https://pbs.twimg.com/media/C8oEKR0XoAA5LXo.jpg"], "is_replied": false, "is_reply_to": false, "likes": 0, "links": [], "parent_tweet_id": "", "replies": 0, "reply_to_users": [], "retweets": 0, "screen_name": "blknetflix", "text": "**waving hands**: did y'all see at the end of the @pepsi and Kendall commercial some ad team wrote  \"Live for now\" as a BLM slogan.... pic.twitter.com/pngWQDo7v6", "text_html": "<p class=\"TweetTextSize js-tweet-text tweet-text\" data-aria-label-part=\"0\" lang=\"en\">**waving hands**: did y'all see at the end of the <a class=\"twitter-atreply pretty-link js-nav\" data-mentioned-user-id=\"18139619\" dir=\"ltr\" href=\"/pepsi\"><s>@</s><b><strong>pepsi</strong></b></a> <strong>and</strong> Kendall commercial some ad team wrote  \"<strong>Live for now</strong>\" as a BLM slogan....<img alt=\"\ud83d\ude12\" aria-label=\"Emoji: Unamused face\" class=\"Emoji Emoji--forText\" draggable=\"false\" src=\"https://abs.twimg.com/emoji/v2/72x72/1f612.png\" title=\"Unamused face\"/> <a class=\"twitter-timeline-link u-hidden\" data-pre-embedded=\"true\" dir=\"ltr\" href=\"https://t.co/pngWQDo7v6\">pic.twitter.com/pngWQDo7v6</a></p>", "timestamp": "2017-04-05T05:36:58", "timestamp_epochs": 1491370618, "tweet_id": "849496061672640512", "tweet_url": "/blknetflix/status/849496061672640512", "user_id": "1661137190", "username": "BlackFilmsonNetflix", "video_url": ""}, {"has_media": false, "hashtags": ["Pepsi"], "img_urls": [], "is_replied": false, "is_reply_to": false, "likes": 4, "links": ["https://www.youtube.com/watch?v=PCEm21aTh5Q&feature=share"], "parent_tweet_id": "", "replies": 0, "reply_to_users": [], "retweets": 1, "screen_name": "KhadeejaM", "text": "#Pepsi new TVC \" Live For Now\" \n\nYouth, art, fun, music , fashion, Pepsi! And politics !!!\nCapitalism! https://www.youtube.com/watch?v=PCEm21aTh5Q&feature=share\u00a0\u2026", "text_html": "<p class=\"TweetTextSize js-tweet-text tweet-text\" data-aria-label-part=\"0\" lang=\"en\"><a class=\"twitter-hashtag pretty-link js-nav\" data-query-source=\"hashtag_click\" dir=\"ltr\" href=\"/hashtag/Pepsi?src=hash\"><s>#</s><b><strong>Pepsi</strong></b></a> new TVC \" <strong>Live For Now</strong>\" \n\nYouth, art, fun, music , fashion, <strong>Pepsi</strong>! <strong>And</strong> politics !!!\nCapitalism! <a class=\"twitter-timeline-link\" data-expanded-url=\"https://www.youtube.com/watch?v=PCEm21aTh5Q&amp;feature=share\" dir=\"ltr\" href=\"https://t.co/GdAX4b4CbI\" rel=\"nofollow noopener\" target=\"_blank\" title=\"https://www.youtube.com/watch?v=PCEm21aTh5Q&amp;feature=share\"><span class=\"tco-ellipsis\"></span><span class=\"invisible\">https://www.</span><span class=\"js-display-url\">youtube.com/watch?v=PCEm21</span><span class=\"invisible\">aTh5Q&amp;feature=share</span><span class=\"tco-ellipsis\"><span class=\"invisible\">\u00a0</span>\u2026</span></a></p>", "timestamp": "2017-04-05T04:23:06", "timestamp_epochs": 1491366186, "tweet_id": "849477472148127745", "tweet_url": "/KhadeejaM/status/849477472148127745", "user_id": "250718911", "username": "\u062e\u062f\u064a\u062c\u0629 \u0627\u0644\u0645\u0631\u0632\u0648\u0642\u064a", "video_url": ""}, {"has_media": true, "hashtags": ["PepsiMoment", "kendalljennerpic"], "img_urls": ["https://pbs.twimg.com/media/C8nvwnkWAAAmfR6.jpg"], "is_replied": false, "is_reply_to": false, "likes": 1, "links": [], "parent_tweet_id": "", "replies": 0, "reply_to_users": [], "retweets": 0, "screen_name": "lcheuk", "text": "Live bolder. Live louder. Live for now. Oh, and pay taxes. @pepsi #PepsiMoment #kendalljennerpic.twitter.com/269DpAUaXs", "text_html": "<p class=\"TweetTextSize js-tweet-text tweet-text\" data-aria-label-part=\"0\" lang=\"en\">Live bolder. Live louder. <strong>Live for now</strong>. Oh, <strong>and</strong> pay taxes. <a class=\"twitter-atreply pretty-link js-nav\" data-mentioned-user-id=\"18139619\" dir=\"ltr\" href=\"/pepsi\"><s>@</s><b><strong>pepsi</strong></b></a> <a class=\"twitter-hashtag pretty-link js-nav\" data-query-source=\"hashtag_click\" dir=\"ltr\" href=\"/hashtag/PepsiMoment?src=hash\"><s>#</s><b>PepsiMoment</b></a> <a class=\"twitter-hashtag pretty-link js-nav\" data-query-source=\"hashtag_click\" dir=\"ltr\" href=\"/hashtag/kendalljenner?src=hash\"><s>#</s><b>kendalljenner</b></a><a class=\"twitter-timeline-link u-hidden\" data-pre-embedded=\"true\" dir=\"ltr\" href=\"https://t.co/269DpAUaXs\">pic.twitter.com/269DpAUaXs</a></p>", "timestamp": "2017-04-05T04:07:50", "timestamp_epochs": 1491365270, "tweet_id": "849473628903288832", "tweet_url": "/lcheuk/status/849473628903288832", "user_id": "16555854", "username": "Leland Cheuk", "video_url": ""}, {"has_media": false, "hashtags": ["LiveForTheMoment"], "img_urls": [], "is_replied": false, "is_reply_to": true, "likes": 0, "links": [], "parent_tweet_id": "849442867693191169", "replies": 0, "reply_to_users": [{"screen_name": "not_pepsi", "user_id": "4831219031"}], "retweets": 0, "screen_name": "hendrey", "text": "And could the slogan be worse? Not #LiveForTheMoment (\"uses too many char's\" said ad exec) but more like \"u can live...for now.\"", "text_html": "<p class=\"TweetTextSize js-tweet-text tweet-text\" data-aria-label-part=\"0\" lang=\"en\"><strong>And</strong> could the slogan be worse? Not <a class=\"twitter-hashtag pretty-link js-nav\" data-query-source=\"hashtag_click\" dir=\"ltr\" href=\"/hashtag/LiveForTheMoment?src=hash\"><s>#</s><b>LiveForTheMoment</b></a> (\"uses too many char's\" said ad exec) but more like \"u can <strong>live...for now</strong>.\"</p>", "timestamp": "2017-04-05T03:43:31", "timestamp_epochs": 1491363811, "tweet_id": "849467509807960065", "tweet_url": "/hendrey/status/849467509807960065", "user_id": "18679932", "username": "MaldenJen", "video_url": ""}, {"has_media": false, "hashtags": [], "img_urls": [], "is_replied": false, "is_reply_to": false, "likes": 0, "links": [], "parent_tweet_id": "", "replies": 0, "reply_to_users": [], "retweets": 0, "screen_name": "ToTheFuture13", "text": "Pepsi Max's  'Live For now' is the slogan of every dying civilization. Long-term planning is too oppressive and stuff.", "text_html": "<p class=\"TweetTextSize js-tweet-text tweet-text\" data-aria-label-part=\"0\" lang=\"en\"><strong>Pepsi</strong> Max's  '<strong>Live For now</strong>' is the slogan of every dying civilization. Long-term planning is too oppressive <strong>and</strong> stuff.</p>", "timestamp": "2017-04-05T03:27:07", "timestamp_epochs": 1491362827, "tweet_id": "849463383304921088", "tweet_url": "/ToTheFuture13/status/849463383304921088", "user_id": "721184918005354496", "username": "N Tree", "video_url": ""}, {"has_media": false, "hashtags": [], "img_urls": [], "is_replied": false, "is_reply_to": false, "likes": 0, "links": [], "parent_tweet_id": "", "replies": 0, "reply_to_users": [], "retweets": 0, "screen_name": "mattkrotzer", "text": "@pepsi's \"Live for Now\" commercial... B/c if you try that shit and are black, \"Live for now\" is all you're going to get to do.", "text_html": "<p class=\"TweetTextSize js-tweet-text tweet-text\" data-aria-label-part=\"0\" lang=\"en\"><a class=\"twitter-atreply pretty-link js-nav\" data-mentioned-user-id=\"18139619\" dir=\"ltr\" href=\"/pepsi\"><s>@</s><b><strong>pepsi</strong></b></a>'s \"<strong>Live for Now</strong>\" commercial... B/c if you try that shit <strong>and</strong> are black, \"<strong>Live for now</strong>\" is all you're going to get to do.</p>", "timestamp": "2017-04-05T03:21:41", "timestamp_epochs": 1491362501, "tweet_id": "849462016578392064", "tweet_url": "/mattkrotzer/status/849462016578392064", "user_id": "235151896", "username": "Matt Krotzer, the Letterer Supreme", "video_url": ""}, {"has_media": false, "hashtags": [], "img_urls": [], "is_replied": false, "is_reply_to": false, "likes": 0, "links": ["https://youtu.be/1VM2eLhvsSM"], "parent_tweet_id": "", "replies": 0, "reply_to_users": [], "retweets": 0, "screen_name": "dmscholl4", "text": "Hey @pepsi I see your \"Live for Now\" ad and raise you \"The Hilltop\" from @CocaCola Let's teach the world to sing. https://youtu.be/1VM2eLhvsSM\u00a0", "text_html": "<p class=\"TweetTextSize js-tweet-text tweet-text\" data-aria-label-part=\"0\" lang=\"en\">Hey <a class=\"twitter-atreply pretty-link js-nav\" data-mentioned-user-id=\"18139619\" dir=\"ltr\" href=\"/pepsi\"><s>@</s><b><strong>pepsi</strong></b></a> I see your \"<strong>Live for Now</strong>\" ad <strong>and</strong> raise you \"The Hilltop\" from <a class=\"twitter-atreply pretty-link js-nav\" data-mentioned-user-id=\"26787673\" dir=\"ltr\" href=\"/CocaCola\"><s>@</s><b>CocaCola</b></a> Let's teach the world to sing. <a class=\"twitter-timeline-link\" data-expanded-url=\"https://youtu.be/1VM2eLhvsSM\" dir=\"ltr\" href=\"https://t.co/AXSZj4UWyD\" rel=\"nofollow noopener\" target=\"_blank\" title=\"https://youtu.be/1VM2eLhvsSM\"><span class=\"tco-ellipsis\"></span><span class=\"invisible\">https://</span><span class=\"js-display-url\">youtu.be/1VM2eLhvsSM</span><span class=\"invisible\"></span><span class=\"tco-ellipsis\"><span class=\"invisible\">\u00a0</span></span></a></p>", "timestamp": "2017-04-05T02:51:03", "timestamp_epochs": 1491360663, "tweet_id": "849454304805236738", "tweet_url": "/dmscholl4/status/849454304805236738", "user_id": "149943562", "username": "Obi-Dan", "video_url": ""}, {"has_media": false, "hashtags": [], "img_urls": [], "is_replied": false, "is_reply_to": false, "likes": 1, "links": ["https://twitter.com/i/moments/849373759240884224", "https://twitter.com/i/moments/849373759240884224"], "parent_tweet_id": "", "replies": 0, "reply_to_users": [], "retweets": 1, "screen_name": "Roxanne_council", "text": "\"Live for now?!\" Implying?....\n\nhttps://twitter.com/i/moments/849373759240884224\u00a0\u2026 \u201cBacklash hits Pepsi and Kendall Jenner for tone-deaf ad\u201d\n\nhttps://twitter.com/i/moments/849373759240884224\u00a0\u2026", "text_html": "<p class=\"TweetTextSize js-tweet-text tweet-text\" data-aria-label-part=\"0\" lang=\"en\">\"<strong>Live for now</strong>?!\" Implying?....\n\n<a class=\"twitter-timeline-link\" data-expanded-url=\"https://twitter.com/i/moments/849373759240884224\" dir=\"ltr\" href=\"https://t.co/GkmYQNsAvM\" rel=\"nofollow noopener\" target=\"_blank\" title=\"https://twitter.com/i/moments/849373759240884224\"><span class=\"tco-ellipsis\"></span><span class=\"invisible\">https://</span><span class=\"js-display-url\">twitter.com/i/moments/8493</span><span class=\"invisible\">73759240884224</span><span class=\"tco-ellipsis\"><span class=\"invisible\">\u00a0</span>\u2026</span></a><img alt=\"\u26a1\ufe0f\" aria-label=\"Emoji: High voltage sign\" class=\"Emoji Emoji--forText\" draggable=\"false\" src=\"https://abs.twimg.com/emoji/v2/72x72/26a1.png\" title=\"High voltage sign\"/> \u201cBacklash hits <strong>Pepsi</strong> <strong>and</strong> Kendall Jenner for tone-deaf ad\u201d\n\n<a class=\"twitter-timeline-link\" data-expanded-url=\"https://twitter.com/i/moments/849373759240884224\" dir=\"ltr\" href=\"https://t.co/GkmYQNsAvM\" rel=\"nofollow noopener\" target=\"_blank\" title=\"https://twitter.com/i/moments/849373759240884224\"><span class=\"tco-ellipsis\"></span><span class=\"invisible\">https://</span><span class=\"js-display-url\">twitter.com/i/moments/8493</span><span class=\"invisible\">73759240884224</span><span class=\"tco-ellipsis\"><span class=\"invisible\">\u00a0</span>\u2026</span></a></p>", "timestamp": "2017-04-05T02:17:10", "timestamp_epochs": 1491358630, "tweet_id": "849445781635571712", "tweet_url": "/Roxanne_council/status/849445781635571712", "user_id": "1713602706", "username": "Roxanne Williams", "video_url": ""}, {"has_media": false, "hashtags": [], "img_urls": [], "is_replied": true, "is_reply_to": false, "likes": 1, "links": [], "parent_tweet_id": "", "replies": 1, "reply_to_users": [], "retweets": 0, "screen_name": "simcore", "text": "Tryin to figure out the insight behind the Pepsi ad and their Live For Now campaign, should have had her join normal ppl and share a Pepsi.", "text_html": "<p class=\"TweetTextSize js-tweet-text tweet-text\" data-aria-label-part=\"0\" lang=\"en\">Tryin to figure out the insight behind the <strong>Pepsi</strong> ad <strong>and</strong> their <strong>Live For Now</strong> campaign, should have had her join normal ppl <strong>and</strong> share a <strong>Pepsi</strong>.</p>", "timestamp": "2017-04-05T02:08:48", "timestamp_epochs": 1491358128, "tweet_id": "849443673800572928", "tweet_url": "/simcore/status/849443673800572928", "user_id": "25202648", "username": "Byron McLean", "video_url": ""}, {"has_media": false, "hashtags": [], "img_urls": [], "is_replied": false, "is_reply_to": true, "likes": 32, "links": [], "parent_tweet_id": "849341537939058690", "replies": 0, "reply_to_users": [{"screen_name": "fuckzactar", "user_id": "487159605"}, {"screen_name": "KrisJenner", "user_id": "23613479"}], "retweets": 0, "screen_name": "nursegalmom", "text": "And the slogan. Live for now. Is Live, For now. Not good to hear in today's day", "text_html": "<p class=\"TweetTextSize js-tweet-text tweet-text\" data-aria-label-part=\"0\" lang=\"en\"><strong>And</strong> the slogan. <strong>Live for now</strong>. Is <strong>Live, For now</strong>. Not good to hear in today's day</p>", "timestamp": "2017-04-05T01:39:26", "timestamp_epochs": 1491356366, "tweet_id": "849436282577178624", "tweet_url": "/nursegalmom/status/849436282577178624", "user_id": "2976688515", "username": "Stacey", "video_url": ""}, {"has_media": false, "hashtags": [], "img_urls": [], "is_replied": false, "is_reply_to": true, "likes": 14, "links": [], "parent_tweet_id": "849341537939058690", "replies": 0, "reply_to_users": [{"screen_name": "CommissionerKY", "user_id": "556930049"}, {"screen_name": "KrisJenner", "user_id": "23613479"}], "retweets": 0, "screen_name": "nursegalmom", "text": "And say Live....... for now. Kind of eerie", "text_html": "<p class=\"TweetTextSize js-tweet-text tweet-text\" data-aria-label-part=\"0\" lang=\"en\"><strong>And</strong> say <strong>Live....... for now</strong>. Kind of eerie</p>", "timestamp": "2017-04-05T01:37:30", "timestamp_epochs": 1491356250, "tweet_id": "849435798340546561", "tweet_url": "/nursegalmom/status/849435798340546561", "user_id": "2976688515", "username": "Stacey", "video_url": ""}, {"has_media": false, "hashtags": [], "img_urls": [], "is_replied": true, "is_reply_to": true, "likes": 1, "links": [], "parent_tweet_id": "849374404739989504", "replies": 1, "reply_to_users": [{"screen_name": "hmwsgx", "user_id": "130648625"}], "retweets": 1, "screen_name": "ToddKenreck", "text": "Why not just go further and change the slogan from \"Live For Now\" to \"Live For Now, Give Pepsi A Shot,\" just go full pure evil Pepsi.", "text_html": "<p class=\"TweetTextSize js-tweet-text tweet-text\" data-aria-label-part=\"0\" lang=\"en\">Why not just go further <strong>and</strong> change the slogan from \"<strong>Live For Now</strong>\" to \"<strong>Live For Now</strong>, Give <strong>Pepsi</strong> A Shot,\" just go full pure evil <strong>Pepsi</strong>.</p>", "timestamp": "2017-04-05T01:35:13", "timestamp_epochs": 1491356113, "tweet_id": "849435222210957313", "tweet_url": "/ToddKenreck/status/849435222210957313", "user_id": "14732108", "username": "Todd Kenreck", "video_url": ""}]