[{"has_media": true, "hashtags": [], "img_urls": ["https://pbs.twimg.com/media/C8oEKR0XoAA5LXo.jpg"], "is_replied": false, "is_reply_to": false, "likes": 0, "links": [], "parent_tweet_id": "", "replies": 0, "reply_to_users": [], "retweets": 0, "screen_name": "blknetflix", "text": "**waving hands**: did y'all see at the end of the @pepsi and Kendall commercial some ad team wrote  \"Live for now\" as a BLM slogan.... pic.twitter.com/pngWQDo7v6", "text_html": "<p class=\"TweetTextSize js-tweet-text tweet-text\" data-aria-label-part=\"0\" lang=\"en\">**waving hands**: did y'all see at the end of the <a class=\"twitter-atreply pretty-link js-nav\" data-mentioned-user-id=\"18139619\" dir=\"ltr\" href=\"/pepsi\"><s>@</s><b>pepsi</b></a> <strong>and</strong> Kendall commercial some ad team wrote  \"<strong>Live for now</strong>\" as a <strong>BLM</strong> slogan....<img alt=\"\ud83d\ude12\" aria-label=\"Emoji: Unamused face\" class=\"Emoji Emoji--forText\" draggable=\"false\" src=\"https://abs.twimg.com/emoji/v2/72x72/1f612.png\" title=\"Unamused face\"/> <a class=\"twitter-timeline-link u-hidden\" data-pre-embedded=\"true\" dir=\"ltr\" href=\"https://t.co/pngWQDo7v6\">pic.twitter.com/pngWQDo7v6</a></p>", "timestamp": "2017-04-05T05:36:58", "timestamp_epochs": 1491370618, "tweet_id": "849496061672640512", "tweet_url": "/blknetflix/status/849496061672640512", "user_id": "1661137190", "username": "BlackFilmsonNetflix", "video_url": ""}, {"has_media": true, "hashtags": [], "img_urls": ["https://pbs.twimg.com/media/C8oEKR0XoAA5LXo.jpg"], "is_replied": false, "is_reply_to": false, "likes": 0, "links": [], "parent_tweet_id": "", "replies": 0, "reply_to_users": [], "retweets": 0, "screen_name": "blknetflix", "text": "**waving hands**: did y'all see at the end of the @pepsi and Kendall commercial some ad team wrote  \"Live for now\" as a BLM slogan.... pic.twitter.com/pngWQDo7v6", "text_html": "<p class=\"TweetTextSize js-tweet-text tweet-text\" data-aria-label-part=\"0\" lang=\"en\">**waving hands**: did y'all see at the end of the <a class=\"twitter-atreply pretty-link js-nav\" data-mentioned-user-id=\"18139619\" dir=\"ltr\" href=\"/pepsi\"><s>@</s><b>pepsi</b></a> <strong>and</strong> Kendall commercial some ad team wrote  \"<strong>Live for now</strong>\" as a <strong>BLM</strong> slogan....<img alt=\"\ud83d\ude12\" aria-label=\"Emoji: Unamused face\" class=\"Emoji Emoji--forText\" draggable=\"false\" src=\"https://abs.twimg.com/emoji/v2/72x72/1f612.png\" title=\"Unamused face\"/> <a class=\"twitter-timeline-link u-hidden\" data-pre-embedded=\"true\" dir=\"ltr\" href=\"https://t.co/pngWQDo7v6\">pic.twitter.com/pngWQDo7v6</a></p>", "timestamp": "2017-04-05T05:36:58", "timestamp_epochs": 1491370618, "tweet_id": "849496061672640512", "tweet_url": "/blknetflix/status/849496061672640512", "user_id": "1661137190", "username": "BlackFilmsonNetflix", "video_url": ""}]